{
"type": "FeatureCollection",
"generator": "overpass-turbo",
"copyright": "The data included in this document is from www.openstreetmap.org. The data is made available under ODbL.",
"timestamp": "2026-08-10T07:26:35Z",
"name": "Busshållplatser",
"features": [
{ "type": "Feature", "id": "node/411376961", "properties": { "@id": "node/411376961", "bus": "yes", "highway": "bus_stop", "name": "Länsmansgränd", "network": "V", "not:network:wikidata": "Q270993", "operator": "Ålandstrafiken", "public_transport": "platform" }, "geometry": { "type": "Point", "coordinates": [ 19.9248094, 60.1218254 ] } },
{ "type": "Feature", "id": "node/704430265", "properties": { "@id": "node/704430265", "alt_name": "Sviby Bro", "bench": "no", "bin": "no", "bus": "yes", "highway": "bus_stop", "name": "Sviby bron", "name:fi": "Sviby bron", "name:sv": "Sviby bron", "public_transport": "platform", "ref:findr": "307705", "shelter": "no", "source:ref": "survey;image" }, "geometry": { "type": "Point", "coordinates": [ 19.9188321, 60.1135162 ] } },
{ "type": "Feature", "id": "node/704430266", "properties": { "@id": "node/704430266", "alt_name": "Sviby Bro", "bench": "no", "bin": "no", "bus": "yes", "highway": "bus_stop", "name": "Sviby bron", "name:fi": "Sviby bron", "name:sv": "Sviby bron", "public_transport": "platform", "ref:findr": "307634", "shelter": "no", "source:ref": "survey;image" }, "geometry": { "type": "Point", "coordinates": [ 19.9176971, 60.1135445 ] } },
{ "type": "Feature", "id": "node/704430267", "properties": { "@id": "node/704430267", "alt_name": "Varvsvägen", "alt_name:fi": "Varvsvägen", "alt_name:sv": "Varvsvägen", "bench": "no", "bin": "no", "bus": "yes", "highway": "bus_stop", "name": "Västra macken", "public_transport": "platform", "ref:findr": "308085", "shelter": "no" }, "geometry": { "type": "Point", "coordinates": [ 19.9298123, 60.1119797 ] } },
{ "type": "Feature", "id": "node/704430268", "properties": { "@id": "node/704430268", "alt_name": "Stenhuggarvägen", "bench": "no", "bus": "yes", "highway": "bus_stop", "name": "Stenhuggarvägen", "public_transport": "platform", "ref:findr": "360818", "shelter": "no" }, "geometry": { "type": "Point", "coordinates": [ 19.9305225, 60.1113946 ] } },
{ "type": "Feature", "id": "node/704431153", "properties": { "@id": "node/704431153", "bench": "no", "bin": "no", "bus": "yes", "highway": "bus_stop", "lit": "yes", "name": "Ukrainaplatsen", "public_transport": "platform", "shelter": "no", "survey:date": "2013-04-04" }, "geometry": { "type": "Point", "coordinates": [ 19.9308551, 60.0967 ] } },
{ "type": "Feature", "id": "node/704431155", "properties": { "@id": "node/704431155", "bench": "yes", "bin": "no", "bus": "yes", "highway": "bus_stop", "lit": "yes", "name": "Norragatan", "old_name": "Norragatan 23", "public_transport": "platform", "shelter": "no" }, "geometry": { "type": "Point", "coordinates": [ 19.933699, 60.0983629 ] } },
{ "type": "Feature", "id": "node/736939130", "properties": { "@id": "node/736939130", "bench": "no", "bin": "no", "bus": "yes", "highway": "bus_stop", "name": "Näfsby vsk.", "public_transport": "platform", "shelter": "no" }, "geometry": { "type": "Point", "coordinates": [ 19.7814298, 60.1942235 ] } },
{ "type": "Feature", "id": "node/843792712", "properties": { "@id": "node/843792712", "highway": "bus_stop", "name": "Tjudö vsk.", "public_transport": "platform", "ref": "215 1", "shelter": "yes" }, "geometry": { "type": "Point", "coordinates": [ 19.9412606, 60.3143956 ] } },
{ "type": "Feature", "id": "node/843792790", "properties": { "@id": "node/843792790", "bench": "no", "check_date:shelter": "2025-04-15", "highway": "bus_stop", "shelter": "no" }, "geometry": { "type": "Point", "coordinates": [ 20.1934168, 60.237606 ] } },
{ "type": "Feature", "id": "node/843792870", "properties": { "@id": "node/843792870", "bench": "no", "bin": "no", "highway": "bus_stop", "lit": "no", "name": "Tjudö vsk.", "public_transport": "platform", "ref": "215 1", "shelter": "no" }, "geometry": { "type": "Point", "coordinates": [ 19.9408898, 60.315436 ] } },
{ "type": "Feature", "id": "node/846026002", "properties": { "@id": "node/846026002", "bench": "no", "bin": "no", "highway": "bus_stop", "lit": "no", "name": "Kasvik", "public_transport": "platform", "ref": "218 1", "shelter": "no" }, "geometry": { "type": "Point", "coordinates": [ 19.9263786, 60.3579403 ] } },
{ "type": "Feature", "id": "node/846026003", "properties": { "@id": "node/846026003", "bench": "no", "bin": "no", "highway": "bus_stop", "lit": "no", "name": "Furuholmen vsk.", "public_transport": "platform", "ref": "220 1", "shelter": "no" }, "geometry": { "type": "Point", "coordinates": [ 19.9000753, 60.3714459 ] } },
{ "type": "Feature", "id": "node/846026004", "properties": { "@id": "node/846026004", "bench": "no", "bin": "no", "highway": "bus_stop", "lit": "no", "name": "Västanträsk 2", "public_transport": "platform", "ref": "217 2", "shelter": "no" }, "geometry": { "type": "Point", "coordinates": [ 19.9264514, 60.340629 ] } },
{ "type": "Feature", "id": "node/846026007", "properties": { "@id": "node/846026007", "bench": "no", "bin": "no", "highway": "bus_stop", "lit": "no", "name": "Kungsholmen", "public_transport": "platform", "ref": "216 2", "shelter": "no" }, "geometry": { "type": "Point", "coordinates": [ 19.9233638, 60.3283421 ] } },
{ "type": "Feature", "id": "node/846026010", "properties": { "@id": "node/846026010", "bench": "no", "bin": "no", "highway": "bus_stop", "lit": "no", "name": "Västanträsk 1", "network": "Ålandstrafiken", "public_transport": "platform", "ref": "217 1", "route_ref": "2", "shelter": "no" }, "geometry": { "type": "Point", "coordinates": [ 19.9255546, 60.3338687 ] } },
{ "type": "Feature", "id": "node/846026021", "properties": { "@id": "node/846026021", "bench": "no", "bin": "no", "highway": "bus_stop", "lit": "no", "name": "Västanträsk 2", "public_transport": "platform", "ref": "217 2", "shelter": "no" }, "geometry": { "type": "Point", "coordinates": [ 19.9267917, 60.340689 ] } },
{ "type": "Feature", "id": "node/846026025", "properties": { "@id": "node/846026025", "bench": "no", "bin": "no", "highway": "bus_stop", "lit": "no", "name": "Havsvidden vsk.", "public_transport": "platform", "ref": "219 1", "shelter": "no" }, "geometry": { "type": "Point", "coordinates": [ 19.914899, 60.3676219 ] } },
{ "type": "Feature", "id": "node/846026027", "properties": { "@id": "node/846026027", "bench": "no", "bin": "no", "highway": "bus_stop", "lit": "no", "name": "Västanträsk musteri", "public_transport": "platform", "ref": "217 3", "shelter": "no" }, "geometry": { "type": "Point", "coordinates": [ 19.9288353, 60.3434199 ] } },
{ "type": "Feature", "id": "node/846026029", "properties": { "@id": "node/846026029", "bench": "yes", "highway": "bus_stop", "name": "Havsvidden vsk.", "public_transport": "platform", "ref": "219 1", "shelter": "no" }, "geometry": { "type": "Point", "coordinates": [ 19.9142867, 60.3676056 ] } },
{ "type": "Feature", "id": "node/846026032", "properties": { "@id": "node/846026032", "bench": "no", "bin": "no", "highway": "bus_stop", "lit": "no", "name": "Västanträsk 1", "public_transport": "platform", "ref": "217 1", "shelter": "no" }, "geometry": { "type": "Point", "coordinates": [ 19.925322, 60.3341014 ] } },
{ "type": "Feature", "id": "node/846026043", "properties": { "@id": "node/846026043", "bench": "no", "bin": "no", "highway": "bus_stop", "lit": "no", "name": "Västanträsk musteri", "public_transport": "platform", "ref": "217 3", "shelter": "no" }, "geometry": { "type": "Point", "coordinates": [ 19.9286053, 60.3436875 ] } },
{ "type": "Feature", "id": "node/846026045", "properties": { "@id": "node/846026045", "bench": "no", "bin": "no", "highway": "bus_stop", "lit": "no", "name": "Björknäs", "public_transport": "platform", "ref": "216 1", "shelter": "no" }, "geometry": { "type": "Point", "coordinates": [ 19.9257426, 60.3233941 ] } },
{ "type": "Feature", "id": "node/846026046", "properties": { "@id": "node/846026046", "bench": "no", "bin": "no", "highway": "bus_stop", "lit": "no", "name": "Furuholmen vsk.", "public_transport": "platform", "ref": "220 1", "shelter": "no" }, "geometry": { "type": "Point", "coordinates": [ 19.8992707, 60.3715559 ] } },
{ "type": "Feature", "id": "node/875825524", "properties": { "@id": "node/875825524", "alt_name": "Tekniska verket", "bench": "yes", "bin": "no", "bus": "yes", "highway": "bus_stop", "lit": "no", "name": "Tekniska verken", "public_transport": "platform", "shelter": "yes" }, "geometry": { "type": "Point", "coordinates": [ 19.9333031, 60.1064498 ] } },
{ "type": "Feature", "id": "node/875825526", "properties": { "@id": "node/875825526", "alt_name": "Tekniska verket", "bench": "no", "bus": "yes", "highway": "bus_stop", "name": "Tekniska verken", "note": "no green line", "public_transport": "platform", "shelter": "no" }, "geometry": { "type": "Point", "coordinates": [ 19.9330606, 60.1063638 ] } },
{ "type": "Feature", "id": "node/977494202", "properties": { "@id": "node/977494202", "fixme": "resurvey ref", "highway": "bus_stop", "name": "Finby vsk.", "public_transport": "platform", "ref": "415 1", "shelter": "yes", "survey:date:ref": "2012-07" }, "geometry": { "type": "Point", "coordinates": [ 20.1700502, 60.2236109 ] } },
{ "type": "Feature", "id": "node/1361862872", "properties": { "@id": "node/1361862872", "bench": "yes", "bin": "yes", "bus": "yes", "highway": "bus_stop", "lit": "yes", "name": "Städshoppen", "note": "röd 25", "public_transport": "platform", "shelter": "no" }, "geometry": { "type": "Point", "coordinates": [ 19.9425232, 60.1180598 ] } },
{ "type": "Feature", "id": "node/1364126676", "properties": { "@id": "node/1364126676", "bench": "yes", "bin": "no", "bus": "yes", "highway": "bus_stop", "note": "grön 28", "note:blackref": "23", "public_transport": "platform", "ref": "202 1", "shelter": "yes" }, "geometry": { "type": "Point", "coordinates": [ 19.9421223, 60.1169435 ] } },
{ "type": "Feature", "id": "node/1364872325", "properties": { "@id": "node/1364872325", "bench": "no", "bin": "no", "highway": "bus_stop", "lit": "no", "name": "Kasvik", "public_transport": "platform", "ref": "218 1", "shelter": "no" }, "geometry": { "type": "Point", "coordinates": [ 19.9260111, 60.3581805 ] } },
{ "type": "Feature", "id": "node/1502798833", "properties": { "@id": "node/1502798833", "bench": "yes", "bin": "no", "bus": "yes", "highway": "bus_stop", "lit": "no", "name": "Lönnhagsvägen", "public_transport": "platform", "ref": "102", "shelter": "yes" }, "geometry": { "type": "Point", "coordinates": [ 19.9142023, 60.1113493 ] } },
{ "type": "Feature", "id": "node/1502798834", "properties": { "@id": "node/1502798834", "bench": "no", "bin": "no", "bus": "yes", "highway": "bus_stop", "lit": "no", "name": "Lönnhagsvägen", "public_transport": "platform", "ref": "102", "shelter": "no" }, "geometry": { "type": "Point", "coordinates": [ 19.9138619, 60.111555 ] } },
{ "type": "Feature", "id": "node/1502799493", "properties": { "@id": "node/1502799493", "highway": "bus_stop", "name": "Kullagatan vsk.", "public_transport": "platform", "ref": "311", "shelter": "yes" }, "geometry": { "type": "Point", "coordinates": [ 20.0590908, 60.2645951 ] } },
{ "type": "Feature", "id": "node/1502799497", "properties": { "@id": "node/1502799497", "fixme": "resurvey", "highway": "bus_stop", "name": "Fremmanby", "public_transport": "platform", "ref": "311", "shelter": "no" }, "geometry": { "type": "Point", "coordinates": [ 20.0616631, 60.2698094 ] } },
{ "type": "Feature", "id": "node/1502799501", "properties": { "@id": "node/1502799501", "fixme": "resurvey", "highway": "bus_stop", "name": "Fremmanby", "public_transport": "platform", "ref": "311", "shelter": "yes" }, "geometry": { "type": "Point", "coordinates": [ 20.0612929, 60.2701605 ] } },
{ "type": "Feature", "id": "node/1502799504", "properties": { "@id": "node/1502799504", "highway": "bus_stop", "name": "Kullagatan vsk.", "public_transport": "platform", "ref": "311", "shelter": "no" }, "geometry": { "type": "Point", "coordinates": [ 20.0592498, 60.2644167 ] } },
{ "type": "Feature", "id": "node/1724536346", "properties": { "@id": "node/1724536346", "alt_name": "Möckelö vsk", "alt_name:fi": "Möckelö vsk", "alt_name:sv": "Möckelö vsk", "bench": "no", "bus": "yes", "name": "Västra Möckelö vsk.", "public_transport": "platform", "ref:findr": "307640", "shelter": "no" }, "geometry": { "type": "Point", "coordinates": [ 19.89945, 60.1074588 ] } },
{ "type": "Feature", "id": "node/1724536347", "properties": { "@id": "node/1724536347", "alt_name": "Möckelö vsk", "alt_name:fi": "Möckelö vsk", "alt_name:sv": "Möckelö vsk", "bench": "yes", "bus": "yes", "name": "Västra Möckelö vsk.", "public_transport": "platform", "ref:findr": "307704", "shelter": "yes" }, "geometry": { "type": "Point", "coordinates": [ 19.8989188, 60.1070477 ] } },
{ "type": "Feature", "id": "node/1768196200", "properties": { "@id": "node/1768196200", "bench": "no", "bus": "yes", "highway": "bus_stop", "name": "Lervik/Solhem", "public_transport": "platform", "ref": "805", "ref:findr": "308077", "shelter": "no" }, "geometry": { "type": "Point", "coordinates": [ 19.9484779, 60.0741736 ] } },
{ "type": "Feature", "id": "node/1768196201", "properties": { "@id": "node/1768196201", "bench": "no", "bus": "yes", "highway": "bus_stop", "name": "Lervik/Solhem", "public_transport": "platform", "ref": "805", "ref:findr": "308068", "shelter": "no" }, "geometry": { "type": "Point", "coordinates": [ 19.9457383, 60.0746276 ] } },
{ "type": "Feature", "id": "node/1768196205", "properties": { "@id": "node/1768196205", "bench": "yes", "bus": "yes", "highway": "bus_stop", "name": "Skrakvägen", "note": "gul skylt", "old_name": "Fiskehamnen", "public_transport": "platform", "ref": "804", "ref:findr": "308078", "shelter": "yes" }, "geometry": { "type": "Point", "coordinates": [ 19.9433911, 60.0776997 ] } },
{ "type": "Feature", "id": "node/1768196206", "properties": { "@id": "node/1768196206", "bench": "yes", "bus": "yes", "highway": "bus_stop", "name": "Skrakvägen", "note": "gul skylt", "old_name": "Fiskehamnen", "public_transport": "platform", "ref": "804", "ref:findr": "308067", "shelter": "yes" }, "geometry": { "type": "Point", "coordinates": [ 19.9428685, 60.0782449 ] } },
{ "type": "Feature", "id": "node/1768196213", "properties": { "@id": "node/1768196213", "bench": "yes", "bus": "yes", "highway": "bus_stop", "name": "Doppingvägen", "old_name": "Doppingvägen vsk.", "public_transport": "platform", "ref": "804", "ref:findr": "308079", "shelter": "yes" }, "geometry": { "type": "Point", "coordinates": [ 19.9423766, 60.0800341 ] } },
{ "type": "Feature", "id": "node/1768196214", "properties": { "@id": "node/1768196214", "bench": "yes", "bus": "yes", "check_date:shelter": "2021-04-13", "highway": "bus_stop", "name": "Doppingvägen", "note": "gul skylt", "old_name": "Doppingvägen vsk.", "public_transport": "platform", "ref": "804", "ref:findr": "308066", "shelter": "yes" }, "geometry": { "type": "Point", "coordinates": [ 19.9417236, 60.080869 ] } },
{ "type": "Feature", "id": "node/1768196217", "properties": { "@id": "node/1768196217", "bench": "yes", "bus": "yes", "highway": "bus_stop", "name": "Ytternäs skola", "public_transport": "platform", "ref": "804", "shelter": "yes" }, "geometry": { "type": "Point", "coordinates": [ 19.9418908, 60.084216 ] } },
{ "type": "Feature", "id": "node/1768196219", "properties": { "@id": "node/1768196219", "bench": "yes", "bus": "yes", "check_date:shelter": "2021-04-13", "highway": "bus_stop", "name": "Ytternäs skola", "public_transport": "platform", "ref": "804", "shelter": "no" }, "geometry": { "type": "Point", "coordinates": [ 19.9424498, 60.0850521 ] } },
{ "type": "Feature", "id": "node/1768196223", "properties": { "@id": "node/1768196223", "bench": "no", "highway": "bus_stop", "name": "Ringvägen", "note": "gul skylt", "old_name": "Ringvägen vsk.", "public_transport": "platform", "ref": "804", "ref:findr": "308064", "shelter": "no" }, "geometry": { "type": "Point", "coordinates": [ 19.9428309, 60.0879164 ] } },
{ "type": "Feature", "id": "node/1768196224", "properties": { "@id": "node/1768196224", "bench": "no", "highway": "bus_stop", "name": "Ringvägen", "note": "gul skylt", "old_name": "Ringvägen vsk.", "public_transport": "platform", "ref": "804", "ref:findr": "308081", "shelter": "no" }, "geometry": { "type": "Point", "coordinates": [ 19.943014, 60.0880586 ] } },
{ "type": "Feature", "id": "node/1768196226", "properties": { "@id": "node/1768196226", "bench": "no", "bus": "yes", "check_date:shelter": "2021-06-05", "highway": "bus_stop", "lit": "yes", "name": "Matrosgatan", "old_name": "Pingstkyrkan", "public_transport": "platform", "ref": "804", "ref:findr": "180549", "shelter": "no" }, "geometry": { "type": "Point", "coordinates": [ 19.94026, 60.0910498 ] } },
{ "type": "Feature", "id": "node/1768196228", "properties": { "@id": "node/1768196228", "bench": "no", "bus": "yes", "check_date:shelter": "2021-06-05", "highway": "bus_stop", "lit": "yes", "name": "Matrosgatan", "old_name": "Pingstkyrkan", "public_transport": "platform", "ref": "804", "ref:findr": "180528", "shelter": "no" }, "geometry": { "type": "Point", "coordinates": [ 19.9403732, 60.091498 ] } },
{ "type": "Feature", "id": "node/1768196231", "properties": { "@id": "node/1768196231", "bench": "no", "bus": "yes", "highway": "bus_stop", "name": "Neptunigatan", "note": "gul skylt", "old_name": "Skillnadsgatan 57", "public_transport": "platform", "shelter": "no" }, "geometry": { "type": "Point", "coordinates": [ 19.9316883, 60.0927336 ] } },
{ "type": "Feature", "id": "node/1768196233", "properties": { "@id": "node/1768196233", "bench": "yes", "bus": "yes", "highway": "bus_stop", "name": "Mästargränd", "old_name": "Skillnadsgatan vsk.", "public_transport": "platform", "ref": "804", "ref:findr": "180841", "shelter": "no" }, "geometry": { "type": "Point", "coordinates": [ 19.9397903, 60.092997 ] } },
{ "type": "Feature", "id": "node/1768196234", "properties": { "@id": "node/1768196234", "bench": "no", "bus": "yes", "highway": "bus_stop", "name": "Skillnadsgatan", "note": "gul skylt", "note:blacknumbers": "7", "note:ref": "green=33", "old_name": "Skillnadsgatan 35", "public_transport": "platform", "shelter": "no", "survey:date": "2013-04-06" }, "geometry": { "type": "Point", "coordinates": [ 19.937506, 60.0930991 ] } },
{ "type": "Feature", "id": "node/1768196235", "properties": { "@id": "node/1768196235", "bench": "no", "bus": "yes", "check_date:shelter": "2024-05-07", "highway": "bus_stop", "note": "gul skylt", "note:blacknumbers": "17", "note:ref": "green=47", "public_transport": "platform", "shelter": "no", "survey:date": "2013-04-06" }, "geometry": { "type": "Point", "coordinates": [ 19.9379056, 60.0932596 ] } },
{ "type": "Feature", "id": "node/1768196237", "properties": { "@id": "node/1768196237", "bench": "yes", "bin": "no", "bus": "yes", "direction": "268", "highway": "bus_stop", "public_transport": "platform", "ref:findr": "180934", "shelter": "yes", "source": "Digiroad.fi" }, "geometry": { "type": "Point", "coordinates": [ 19.9322529, 60.0996185 ] } },
{ "type": "Feature", "id": "node/1768196238", "properties": { "@id": "node/1768196238", "alt_name": "Savoy", "bench": "no", "bin": "no", "bus": "yes", "direction": "88", "highway": "bus_stop", "lit": "yes", "name": "Ålands lyceum", "old_name": "Nygatan 17", "public_transport": "platform", "ref:findr": "180743", "shelter": "no", "source": "Digiroad.fi" }, "geometry": { "type": "Point", "coordinates": [ 19.9366435, 60.099808 ] } },
{ "type": "Feature", "id": "node/1768196267", "properties": { "@id": "node/1768196267", "alt_name": "Varvsvägen", "alt_name:fi": "Varvsvägen", "alt_name:sv": "Varvsvägen", "bench": "no", "bin": "no", "bus": "yes", "highway": "bus_stop", "lit": "yes", "name": "Västra macken", "public_transport": "platform", "ref:findr": "308082", "shelter": "no" }, "geometry": { "type": "Point", "coordinates": [ 19.9298801, 60.1110875 ] } },
{ "type": "Feature", "id": "node/1768196268", "properties": { "@id": "node/1768196268", "alt_name": "Sjukhusvägen", "bench": "yes", "bin": "yes", "bus": "yes", "highway": "bus_stop", "name": "Sjukhuset", "public_transport": "platform", "ref": "001 8", "shelter": "yes" }, "geometry": { "type": "Point", "coordinates": [ 19.933476, 60.113804 ] } },
{ "type": "Feature", "id": "node/1768196269", "properties": { "@id": "node/1768196269", "alt_name": "Sjukhusvägen", "bench": "yes", "bin": "yes", "bus": "yes", "highway": "bus_stop", "name": "Sjukhuset", "public_transport": "platform", "ref": "001 8", "shelter": "yes" }, "geometry": { "type": "Point", "coordinates": [ 19.9323044, 60.1138778 ] } },
{ "type": "Feature", "id": "node/1768196270", "properties": { "@id": "node/1768196270", "bench": "yes", "bin": "no", "bus": "yes", "highway": "bus_stop", "name": "Nabben", "public_transport": "platform", "shelter": "yes" }, "geometry": { "type": "Point", "coordinates": [ 19.9485378, 60.1149234 ] } },
{ "type": "Feature", "id": "node/1768196272", "properties": { "@id": "node/1768196272", "bench": "yes", "bin": "no", "bus": "yes", "highway": "bus_stop", "name": "Nabben", "public_transport": "platform", "shelter": "yes" }, "geometry": { "type": "Point", "coordinates": [ 19.9510794, 60.1152614 ] } },
{ "type": "Feature", "id": "node/1768196273", "properties": { "@id": "node/1768196273", "alt_name": "Gullåsen", "bench": "yes", "bus": "yes", "direction": "357", "highway": "bus_stop", "lit": "yes", "loc_name": "Doktorsvägen", "name": "Doktorsvägen 1B/1C", "old_name": "Doktorsvägen 14", "public_transport": "platform", "ref:findr": "180798", "shelter": "yes", "survey:date": "2013-04-03" }, "geometry": { "type": "Point", "coordinates": [ 19.9347975, 60.1163633 ] } },
{ "type": "Feature", "id": "node/1769087935", "properties": { "@id": "node/1769087935", "bench": "yes", "bin": "yes", "bus": "yes", "highway": "bus_stop", "lit": "yes", "name": "Torget", "public_transport": "platform", "ref:findr": "180697", "shelter": "yes", "source:name": "sign", "survey:date": "2015-05-25", "wheelchair": "yes" }, "geometry": { "type": "Point", "coordinates": [ 19.942558, 60.0976168 ] } },
{ "type": "Feature", "id": "node/1769087994", "properties": { "@id": "node/1769087994", "addr:housenumber": "7b", "addr:street": "Norra Esplanadgatan", "bench": "yes", "bin": "yes", "bus": "yes", "check_date": "2025-07-07", "check_date:lit": "2025-07-07", "covered": "no", "highway": "bus_stop", "lit": "yes", "name": "Kyrkan", "note": "gul skylt", "note:ref": "red=44", "passenger_information_display": "no", "public_transport": "platform", "ref:findr": "180703", "shelter": "no", "source:name": "sign" }, "geometry": { "type": "Point", "coordinates": [ 19.9361174, 60.0973922 ] } },
{ "type": "Feature", "id": "node/1770026590", "properties": { "@id": "node/1770026590", "bench": "no", "bin": "yes", "bus": "yes", "highway": "bus_stop", "name": "Bo-Bil", "note": "blå+gul skylt", "public_transport": "platform", "shelter": "no" }, "geometry": { "type": "Point", "coordinates": [ 19.9420883, 60.1278896 ] } },
{ "type": "Feature", "id": "node/1773132189", "properties": { "@id": "node/1773132189", "bench": "yes", "bin": "no", "bus": "yes", "highway": "bus_stop", "lit": "yes", "name": "Vikingahallen", "note": "blå skylt;", "public_transport": "platform", "ref": "204", "shelter": "yes" }, "geometry": { "type": "Point", "coordinates": [ 19.9494283, 60.1480143 ] } },
{ "type": "Feature", "id": "node/1773132209", "properties": { "@id": "node/1773132209", "bench": "no", "bus": "yes", "check_date:shelter": "2021-04-08", "highway": "bus_stop", "name": "Jomala församlingshem", "note": "blå skylt;204 1", "public_transport": "platform", "ref": "204", "shelter": "no" }, "geometry": { "type": "Point", "coordinates": [ 19.9486437, 60.1521781 ] } },
{ "type": "Feature", "id": "node/1773132213", "properties": { "@id": "node/1773132213", "bench": "no", "bus": "yes", "check_date:shelter": "2021-04-08", "highway": "bus_stop", "name": "Jomala församlingshem", "note": "blå skylt", "public_transport": "platform", "ref": "204", "shelter": "no" }, "geometry": { "type": "Point", "coordinates": [ 19.9487817, 60.1524493 ] } },
{ "type": "Feature", "id": "node/1773132296", "properties": { "@id": "node/1773132296", "bench": "no", "bus": "yes", "highway": "bus_stop", "name": "Jomala kyrka", "note": "blå skylt", "public_transport": "platform", "ref": "204", "shelter": "no" }, "geometry": { "type": "Point", "coordinates": [ 19.9477194, 60.1559336 ] } },
{ "type": "Feature", "id": "node/1773132301", "properties": { "@id": "node/1773132301", "bench": "yes", "bus": "yes", "check_date:shelter": "2021-04-27", "highway": "bus_stop", "name": "Jomala kyrka", "note": "blå skylt", "public_transport": "platform", "ref": "204", "shelter": "yes" }, "geometry": { "type": "Point", "coordinates": [ 19.9474254, 60.1563508 ] } },
{ "type": "Feature", "id": "node/1773132328", "properties": { "@id": "node/1773132328", "bench": "no", "bin": "no", "bus": "yes", "highway": "bus_stop", "name": "Rönngården", "note": "blå skylt;205", "public_transport": "platform", "ref": "205", "shelter": "no" }, "geometry": { "type": "Point", "coordinates": [ 19.9471858, 60.1589943 ] } },
{ "type": "Feature", "id": "node/1773132329", "properties": { "@id": "node/1773132329", "bench": "no", "bin": "no", "bus": "yes", "highway": "bus_stop", "name": "Rönngården", "note": "blå skylt;205", "public_transport": "platform", "ref": "205", "shelter": "no" }, "geometry": { "type": "Point", "coordinates": [ 19.9471956, 60.1594466 ] } },
{ "type": "Feature", "id": "node/1782545326", "properties": { "@id": "node/1782545326", "bench": "no", "bin": "no", "highway": "bus_stop", "note": "422 3", "shelter": "no" }, "geometry": { "type": "Point", "coordinates": [ 20.3727528, 60.2472186 ] } },
{ "type": "Feature", "id": "node/1782545327", "properties": { "@id": "node/1782545327", "bus": "yes", "highway": "bus_stop", "note": "423 3", "public_transport": "platform" }, "geometry": { "type": "Point", "coordinates": [ 20.3741845, 60.2648453 ] } },
{ "type": "Feature", "id": "node/1782985178", "properties": { "@id": "node/1782985178", "alt_name": "Ramsholmen", "bench": "yes", "bus": "yes", "highway": "bus_stop", "name": "Torpfjärden", "public_transport": "platform", "shelter": "yes" }, "geometry": { "type": "Point", "coordinates": [ 19.8847842, 60.1123915 ] } },
{ "type": "Feature", "id": "node/1782985182", "properties": { "@id": "node/1782985182", "alt_name": "Ramsholmen", "bus": "yes", "highway": "bus_stop", "name": "Torpfjärden", "public_transport": "platform" }, "geometry": { "type": "Point", "coordinates": [ 19.8840318, 60.1135389 ] } },
{ "type": "Feature", "id": "node/1782985184", "properties": { "@id": "node/1782985184", "bus": "yes", "highway": "bus_stop", "name": "Brändövägen vsk.", "public_transport": "platform" }, "geometry": { "type": "Point", "coordinates": [ 19.8785323, 60.1157936 ] } },
{ "type": "Feature", "id": "node/1782985185", "properties": { "@id": "node/1782985185", "bus": "yes", "highway": "bus_stop", "name": "Brändövägen vsk.", "public_transport": "platform" }, "geometry": { "type": "Point", "coordinates": [ 19.8779034, 60.1158198 ] } },
{ "type": "Feature", "id": "node/1782985186", "properties": { "@id": "node/1782985186", "alt_name": "Kungsö vsk", "bus": "yes", "highway": "bus_stop", "name": "Kungsövägen vsk.", "public_transport": "platform" }, "geometry": { "type": "Point", "coordinates": [ 19.8705097, 60.117935 ] } },
{ "type": "Feature", "id": "node/1782985187", "properties": { "@id": "node/1782985187", "alt_name": "Kungsö vsk", "bus": "yes", "highway": "bus_stop", "name": "Kungsövägen vsk.", "public_transport": "platform" }, "geometry": { "type": "Point", "coordinates": [ 19.8687401, 60.1186026 ] } },
{ "type": "Feature", "id": "node/1782985188", "properties": { "@id": "node/1782985188", "bus": "yes", "highway": "bus_stop", "name": "Utängarna", "public_transport": "platform" }, "geometry": { "type": "Point", "coordinates": [ 19.8592555, 60.121411 ] } },
{ "type": "Feature", "id": "node/1782985191", "properties": { "@id": "node/1782985191", "bus": "yes", "highway": "bus_stop", "name": "Utängarna", "public_transport": "platform" }, "geometry": { "type": "Point", "coordinates": [ 19.8581796, 60.1216666 ] } },
{ "type": "Feature", "id": "node/1782985193", "properties": { "@id": "node/1782985193", "alt_name": "Gottby vsk", "bus": "yes", "highway": "bus_stop", "name": "Gottby", "public_transport": "platform" }, "geometry": { "type": "Point", "coordinates": [ 19.8422485, 60.1322281 ] } },
{ "type": "Feature", "id": "node/1782985197", "properties": { "@id": "node/1782985197", "alt_name": "Gottby vsk", "bench": "yes", "bus": "yes", "highway": "bus_stop", "name": "Gottby", "public_transport": "platform", "shelter": "yes" }, "geometry": { "type": "Point", "coordinates": [ 19.8426718, 60.1317914 ] } },
{ "type": "Feature", "id": "node/1782985225", "properties": { "@id": "node/1782985225", "bus": "yes", "highway": "bus_stop", "name": "Drygsböle", "public_transport": "platform", "shelter": "yes" }, "geometry": { "type": "Point", "coordinates": [ 19.7837207, 60.1812262 ] } },
{ "type": "Feature", "id": "node/1782985231", "properties": { "@id": "node/1782985231", "bench": "no", "bus": "yes", "highway": "bus_stop", "name": "Drygsböle", "public_transport": "platform", "shelter": "no" }, "geometry": { "type": "Point", "coordinates": [ 19.7837945, 60.1822804 ] } },
{ "type": "Feature", "id": "node/1783012442", "properties": { "@id": "node/1783012442", "bench": "yes", "bin": "no", "bus": "yes", "highway": "bus_stop", "name": "Näfsby vsk.", "public_transport": "platform", "shelter": "yes" }, "geometry": { "type": "Point", "coordinates": [ 19.7812282, 60.1929604 ] } },
{ "type": "Feature", "id": "node/1783012446", "properties": { "@id": "node/1783012446", "alt_name": "Vestmyravägen vsk. 1", "bus": "yes", "highway": "bus_stop", "name": "Vestmyravägen vsk.", "public_transport": "platform" }, "geometry": { "type": "Point", "coordinates": [ 19.7785635, 60.1969386 ] } },
{ "type": "Feature", "id": "node/1783012450", "properties": { "@id": "node/1783012450", "alt_name": "Vestmyravägen vsk. 1", "bus": "yes", "highway": "bus_stop", "name": "Vestmyravägen vsk.", "public_transport": "platform" }, "geometry": { "type": "Point", "coordinates": [ 19.7782292, 60.1974572 ] } },
{ "type": "Feature", "id": "node/1783012455", "properties": { "@id": "node/1783012455", "bench": "yes", "bus": "yes", "highway": "bus_stop", "name": "Korsbro", "public_transport": "platform", "shelter": "yes" }, "geometry": { "type": "Point", "coordinates": [ 19.7671365, 60.2056096 ] } },
{ "type": "Feature", "id": "node/1783012458", "properties": { "@id": "node/1783012458", "bench": "yes", "bus": "yes", "highway": "bus_stop", "name": "Korsbro", "public_transport": "platform", "shelter": "yes" }, "geometry": { "type": "Point", "coordinates": [ 19.7666143, 60.2056868 ] } },
{ "type": "Feature", "id": "node/1783012463", "properties": { "@id": "node/1783012463", "bench": "yes", "bin": "yes", "bus": "yes", "highway": "bus_stop", "name": "Kattby", "public_transport": "platform", "shelter": "yes" }, "geometry": { "type": "Point", "coordinates": [ 19.7413573, 60.2163541 ] } },
{ "type": "Feature", "id": "node/1783012486", "properties": { "@id": "node/1783012486", "bench": "no", "bin": "no", "bus": "yes", "highway": "bus_stop", "lit": "yes", "name": "Marbyöjen vsk.", "public_transport": "platform", "shelter": "no" }, "geometry": { "type": "Point", "coordinates": [ 19.671962, 60.2164258 ] } },
{ "type": "Feature", "id": "node/1783012487", "properties": { "@id": "node/1783012487", "bench": "yes", "bin": "yes", "bus": "yes", "highway": "bus_stop", "lit": "yes", "name": "Marbyöjen vsk.", "public_transport": "platform", "shelter": "yes" }, "geometry": { "type": "Point", "coordinates": [ 19.6729009, 60.2164593 ] } },
{ "type": "Feature", "id": "node/1783012488", "properties": { "@id": "node/1783012488", "bench": "yes", "bin": "no", "bus": "yes", "highway": "bus_stop", "name": "Kattby", "public_transport": "platform", "shelter": "yes" }, "geometry": { "type": "Point", "coordinates": [ 19.7392177, 60.2165563 ] } },
{ "type": "Feature", "id": "node/1783012489", "properties": { "@id": "node/1783012489", "bench": "yes", "bin": "no", "bus": "yes", "highway": "bus_stop", "name": "Mariavägen vsk.", "public_transport": "platform", "shelter": "yes" }, "geometry": { "type": "Point", "coordinates": [ 19.7307584, 60.2167248 ] } },
{ "type": "Feature", "id": "node/1783012490", "properties": { "@id": "node/1783012490", "bench": "no", "bin": "no", "bus": "yes", "highway": "bus_stop", "name": "Mariavägen vsk.", "public_transport": "platform", "shelter": "no" }, "geometry": { "type": "Point", "coordinates": [ 19.729472, 60.2169425 ] } },
{ "type": "Feature", "id": "node/1783012491", "properties": { "@id": "node/1783012491", "bench": "yes", "bin": "yes", "bus": "yes", "highway": "bus_stop", "name": "Frebbenby", "public_transport": "platform", "shelter": "yes" }, "geometry": { "type": "Point", "coordinates": [ 19.7124573, 60.2182637 ] } },
{ "type": "Feature", "id": "node/1783012492", "properties": { "@id": "node/1783012492", "bench": "yes", "bin": "yes", "bus": "yes", "highway": "bus_stop", "name": "Frebbenby", "public_transport": "platform", "shelter": "yes" }, "geometry": { "type": "Point", "coordinates": [ 19.7106797, 60.2186981 ] } },
{ "type": "Feature", "id": "node/1783012493", "properties": { "@id": "node/1783012493", "bench": "yes", "bin": "no", "bus": "yes", "highway": "bus_stop", "lit": "yes", "name": "Öra macken", "public_transport": "platform", "shelter": "yes" }, "geometry": { "type": "Point", "coordinates": [ 19.6824838, 60.2231018 ] } },
{ "type": "Feature", "id": "node/1783012496", "properties": { "@id": "node/1783012496", "bench": "yes", "bin": "no", "bus": "yes", "highway": "bus_stop", "lit": "yes", "name": "Öra macken", "public_transport": "platform", "shelter": "yes" }, "geometry": { "type": "Point", "coordinates": [ 19.6830063, 60.2233044 ] } },
{ "type": "Feature", "id": "node/1783012498", "properties": { "@id": "node/1783012498", "bench": "yes", "bin": "no", "bus": "yes", "highway": "bus_stop", "name": "Björkliden", "public_transport": "platform", "shelter": "yes" }, "geometry": { "type": "Point", "coordinates": [ 19.6972817, 60.2241606 ] } },
{ "type": "Feature", "id": "node/1783012500", "properties": { "@id": "node/1783012500", "bench": "no", "bin": "no", "bus": "yes", "highway": "bus_stop", "name": "Björkliden", "public_transport": "platform", "shelter": "no" }, "geometry": { "type": "Point", "coordinates": [ 19.6970506, 60.2245161 ] } },
{ "type": "Feature", "id": "node/1783012502", "properties": { "@id": "node/1783012502", "bench": "yes", "bin": "no", "bus": "yes", "highway": "bus_stop", "lit": "yes", "name": "Karholm", "public_transport": "platform", "shelter": "yes" }, "geometry": { "type": "Point", "coordinates": [ 19.688872, 60.2288886 ] } },
{ "type": "Feature", "id": "node/1783012505", "properties": { "@id": "node/1783012505", "bench": "no", "bin": "no", "bus": "yes", "highway": "bus_stop", "lit": "no", "name": "Karholm", "public_transport": "platform", "shelter": "no" }, "geometry": { "type": "Point", "coordinates": [ 19.6869756, 60.2291937 ] } },
{ "type": "Feature", "id": "node/1790744778", "properties": { "@id": "node/1790744778", "bench": "yes", "bus": "yes", "highway": "bus_stop", "name": "Östanträsk", "public_transport": "platform", "shelter": "yes" }, "geometry": { "type": "Point", "coordinates": [ 19.7964864, 60.151342 ] } },
{ "type": "Feature", "id": "node/1790744782", "properties": { "@id": "node/1790744782", "bench": "yes", "bus": "yes", "highway": "bus_stop", "name": "Östanträsk", "public_transport": "platform", "shelter": "yes" }, "geometry": { "type": "Point", "coordinates": [ 19.7957338, 60.1525696 ] } },
{ "type": "Feature", "id": "node/1799538034", "properties": { "@id": "node/1799538034", "bench": "no", "bin": "no", "highway": "bus_stop", "lit": "no", "name": "Kungsholmen", "public_transport": "platform", "ref": "216 2", "shelter": "no" }, "geometry": { "type": "Point", "coordinates": [ 19.9236816, 60.3288508 ] } },
{ "type": "Feature", "id": "node/1799538038", "properties": { "@id": "node/1799538038", "bench": "no", "highway": "bus_stop", "name": "Osängs", "public_transport": "platform", "ref": "216 3", "shelter": "no" }, "geometry": { "type": "Point", "coordinates": [ 19.9237881, 60.331099 ] } },
{ "type": "Feature", "id": "node/1799538093", "properties": { "@id": "node/1799538093", "bench": "no", "bin": "no", "highway": "bus_stop", "lit": "no", "name": "Bolstaholms vsk.", "public_transport": "platform", "ref": "220 2", "shelter": "yes", "tactile_paving": "no" }, "geometry": { "type": "Point", "coordinates": [ 19.8939777, 60.3729866 ] } },
{ "type": "Feature", "id": "node/1799538096", "properties": { "@id": "node/1799538096", "bench": "no", "bin": "no", "check_date:shelter": "2025-09-20", "highway": "bus_stop", "lit": "no", "name": "Bolstaholms vsk.", "public_transport": "platform", "ref": "220 2", "shelter": "no", "tactile_paving": "no" }, "geometry": { "type": "Point", "coordinates": [ 19.8928193, 60.3734121 ] } },
{ "type": "Feature", "id": "node/1799538152", "properties": { "@id": "node/1799538152", "bench": "no", "bin": "no", "highway": "bus_stop", "lit": "no", "name": "Skräddarsvängen vsk.", "public_transport": "platform", "ref": "220 3", "shelter": "no" }, "geometry": { "type": "Point", "coordinates": [ 19.8842254, 60.3769338 ] } },
{ "type": "Feature", "id": "node/1799538155", "properties": { "@id": "node/1799538155", "bench": "no", "bin": "no", "highway": "bus_stop", "lit": "no", "name": "Västergeta", "public_transport": "platform", "ref": "221 1", "shelter": "no" }, "geometry": { "type": "Point", "coordinates": [ 19.8561795, 60.3769813 ] } },
{ "type": "Feature", "id": "node/1799538163", "properties": { "@id": "node/1799538163", "bench": "no", "bin": "no", "highway": "bus_stop", "lit": "no", "name": "Skräddarsvängen vsk.", "public_transport": "platform", "ref": "220 3", "shelter": "no" }, "geometry": { "type": "Point", "coordinates": [ 19.8833784, 60.3772319 ] } },
{ "type": "Feature", "id": "node/1799538169", "properties": { "@id": "node/1799538169", "bench": "no", "bin": "no", "check_date:shelter": "2025-09-20", "highway": "bus_stop", "lit": "no", "name": "Östergeta 1", "public_transport": "platform", "ref": "220 4", "shelter": "no" }, "geometry": { "type": "Point", "coordinates": [ 19.87576, 60.3773056 ] } },
{ "type": "Feature", "id": "node/1799538174", "properties": { "@id": "node/1799538174", "bench": "no", "bin": "no", "highway": "bus_stop", "lit": "no", "name": "Östergeta 1", "public_transport": "platform", "ref": "220 4", "shelter": "no" }, "geometry": { "type": "Point", "coordinates": [ 19.8767274, 60.3774338 ] } },
{ "type": "Feature", "id": "node/1799538185", "properties": { "@id": "node/1799538185", "bench": "no", "bin": "no", "highway": "bus_stop", "lit": "no", "name": "Östergeta 2", "public_transport": "platform", "ref": "220 5", "shelter": "no" }, "geometry": { "type": "Point", "coordinates": [ 19.8680619, 60.3780489 ] } },
{ "type": "Feature", "id": "node/1799538188", "properties": { "@id": "node/1799538188", "bench": "no", "bin": "no", "check_date:shelter": "2025-09-20", "highway": "bus_stop", "lit": "no", "name": "Östergeta 2", "public_transport": "platform", "ref": "220 5", "shelter": "no" }, "geometry": { "type": "Point", "coordinates": [ 19.8669443, 60.3780926 ] } },
{ "type": "Feature", "id": "node/1799644608", "properties": { "@id": "node/1799644608", "bench": "no", "bin": "no", "fixme": "resurvey ref", "highway": "bus_stop", "name": "Pålsbölevägen", "public_transport": "platform", "ref": "211", "shelter": "no" }, "geometry": { "type": "Point", "coordinates": [ 19.9653226, 60.2485485 ] } },
{ "type": "Feature", "id": "node/1799644610", "properties": { "@id": "node/1799644610", "bench": "no", "fixme": "resurvey ref", "highway": "bus_stop", "name": "Pålsbölevägen", "public_transport": "platform", "ref": "211", "shelter": "no" }, "geometry": { "type": "Point", "coordinates": [ 19.9654125, 60.2488338 ] } },
{ "type": "Feature", "id": "node/1799644616", "properties": { "@id": "node/1799644616", "bench": "no", "bin": "no", "fixme": "resurvey ref", "highway": "bus_stop", "lit": "no", "name": "Mangelbo", "public_transport": "platform", "ref": "210", "shelter": "no" }, "geometry": { "type": "Point", "coordinates": [ 19.9628576, 60.2535173 ] } },
{ "type": "Feature", "id": "node/1799644619", "properties": { "@id": "node/1799644619", "bench": "no", "bin": "no", "fixme": "resurvey ref", "highway": "bus_stop", "lit": "no", "name": "Mangelbo", "public_transport": "platform", "ref": "210", "shelter": "no" }, "geometry": { "type": "Point", "coordinates": [ 19.963059, 60.2544129 ] } },
{ "type": "Feature", "id": "node/1799644623", "properties": { "@id": "node/1799644623", "bench": "no", "fixme": "resurvey ref", "highway": "bus_stop", "name": "Bartsgårda vsk.", "public_transport": "platform", "ref": "213", "shelter": "no" }, "geometry": { "type": "Point", "coordinates": [ 19.9518848, 60.279422 ] } },
{ "type": "Feature", "id": "node/1799644635", "properties": { "@id": "node/1799644635", "bench": "no", "fixme": "resurvey ref", "highway": "bus_stop", "name": "Bartsgårda vsk.", "public_transport": "platform", "ref": "213", "shelter": "no" }, "geometry": { "type": "Point", "coordinates": [ 19.9523479, 60.2797127 ] } },
{ "type": "Feature", "id": "node/1799644673", "properties": { "@id": "node/1799644673", "bench": "yes", "bin": "no", "highway": "bus_stop", "name": "Kroklunds vsk.", "public_transport": "platform", "ref": "214 4", "shelter": "yes" }, "geometry": { "type": "Point", "coordinates": [ 19.9515985, 60.3052075 ] } },
{ "type": "Feature", "id": "node/1799644675", "properties": { "@id": "node/1799644675", "bench": "no", "bin": "no", "highway": "bus_stop", "lit": "no", "name": "Kroklunds vsk.", "public_transport": "platform", "ref": "214 4", "shelter": "no" }, "geometry": { "type": "Point", "coordinates": [ 19.9516848, 60.3054578 ] } },
{ "type": "Feature", "id": "node/1799644683", "properties": { "@id": "node/1799644683", "bench": "yes", "highway": "bus_stop", "name": "Kroklund", "public_transport": "platform", "ref": "214 3", "shelter": "yes" }, "geometry": { "type": "Point", "coordinates": [ 19.9669914, 60.3084498 ] } },
{ "type": "Feature", "id": "node/1799644684", "properties": { "@id": "node/1799644684", "bench": "no", "highway": "bus_stop", "name": "Björknäs", "public_transport": "platform", "ref": "216 1", "shelter": "no" }, "geometry": { "type": "Point", "coordinates": [ 19.925369, 60.3239198 ] } },
{ "type": "Feature", "id": "node/1803481728", "properties": { "@id": "node/1803481728", "bench": "no", "bin": "no", "highway": "bus_stop", "lit": "no", "name": "Kockobacka", "public_transport": "platform", "ref": "507 1", "shelter": "no" }, "geometry": { "type": "Point", "coordinates": [ 20.050677, 60.0637972 ] } },
{ "type": "Feature", "id": "node/1803481729", "properties": { "@id": "node/1803481729", "bench": "no", "bin": "no", "highway": "bus_stop", "lit": "yes", "name": "Lemböte vsk.", "public_transport": "platform", "ref": "505 3", "shelter": "no" }, "geometry": { "type": "Point", "coordinates": [ 20.0292304, 60.081648 ] } },
{ "type": "Feature", "id": "node/1803481730", "properties": { "@id": "node/1803481730", "bench": "yes", "bin": "no", "highway": "bus_stop", "lit": "yes", "name": "Lemböte vsk.", "public_transport": "platform", "ref": "505 3", "shelter": "yes" }, "geometry": { "type": "Point", "coordinates": [ 20.0292265, 60.0821193 ] } },
{ "type": "Feature", "id": "node/1803481731", "properties": { "@id": "node/1803481731", "bench": "no", "bin": "no", "highway": "bus_stop", "lit": "no", "name": "Strömsnäs", "public_transport": "platform", "ref": "505 2", "shelter": "no" }, "geometry": { "type": "Point", "coordinates": [ 20.0242309, 60.0902612 ] } },
{ "type": "Feature", "id": "node/1803481732", "properties": { "@id": "node/1803481732", "bench": "no", "bin": "no", "highway": "bus_stop", "lit": "no", "name": "Strömsnäs", "public_transport": "platform", "ref": "505 2", "shelter": "no" }, "geometry": { "type": "Point", "coordinates": [ 20.0244772, 60.0903827 ] } },
{ "type": "Feature", "id": "node/1803481758", "properties": { "@id": "node/1803481758", "bench": "no", "bin": "no", "highway": "bus_stop", "lit": "no", "name": "Björkuddsvägen vsk.", "public_transport": "platform", "ref": "505 1", "shelter": "no" }, "geometry": { "type": "Point", "coordinates": [ 20.0189655, 60.094523 ] } },
{ "type": "Feature", "id": "node/1803481764", "properties": { "@id": "node/1803481764", "bench": "no", "bin": "no", "highway": "bus_stop", "lit": "no", "name": "Apalnäsvägen vsk", "public_transport": "platform", "ref": "504 2", "shelter": "no" }, "geometry": { "type": "Point", "coordinates": [ 20.0122107, 60.1083559 ] } },
{ "type": "Feature", "id": "node/1803481765", "properties": { "@id": "node/1803481765", "bench": "yes", "bin": "no", "highway": "bus_stop", "lit": "no", "name": "Apalnäsvägen vsk", "public_transport": "platform", "ref": "504 2", "shelter": "yes" }, "geometry": { "type": "Point", "coordinates": [ 20.012199, 60.1088393 ] } },
{ "type": "Feature", "id": "node/1804477053", "properties": { "@id": "node/1804477053", "bench": "no", "bin": "no", "bus": "yes", "highway": "bus_stop", "lit": "no", "name": "Björkslingan", "public_transport": "platform", "ref": "206 1", "shelter": "no" }, "geometry": { "type": "Point", "coordinates": [ 19.9509198, 60.1862013 ] } },
{ "type": "Feature", "id": "node/1804477054", "properties": { "@id": "node/1804477054", "bench": "no", "bin": "no", "highway": "bus_stop", "lit": "no", "name": "Djäkneböle", "shelter": "no" }, "geometry": { "type": "Point", "coordinates": [ 19.7912434, 60.194729 ] } },
{ "type": "Feature", "id": "node/1804477749", "properties": { "@id": "node/1804477749", "bench": "no", "bin": "no", "bus": "yes", "highway": "bus_stop", "lit": "yes", "name": "Eckerö kyrka", "public_transport": "platform", "shelter": "no" }, "geometry": { "type": "Point", "coordinates": [ 19.6139066, 60.2127175 ] } },
{ "type": "Feature", "id": "node/1804477771", "properties": { "@id": "node/1804477771", "bench": "no", "bin": "no", "highway": "bus_stop", "lit": "no", "name": "Marbyvägen vsk.", "public_transport": "platform", "shelter": "no" }, "geometry": { "type": "Point", "coordinates": [ 19.6492899, 60.2126743 ] } },
{ "type": "Feature", "id": "node/1804477776", "properties": { "@id": "node/1804477776", "bench": "no", "bin": "no", "highway": "bus_stop", "lit": "no", "name": "Marbyvägen vsk.", "public_transport": "platform", "shelter": "no" }, "geometry": { "type": "Point", "coordinates": [ 19.6478214, 60.2129814 ] } },
{ "type": "Feature", "id": "node/1804477780", "properties": { "@id": "node/1804477780", "bench": "no", "bin": "no", "bus": "yes", "highway": "bus_stop", "lit": "yes", "name": "Överbyvägen vsk.", "public_transport": "platform", "shelter": "no" }, "geometry": { "type": "Point", "coordinates": [ 19.6266676, 60.2135656 ] } },
{ "type": "Feature", "id": "node/1804477782", "properties": { "@id": "node/1804477782", "bench": "yes", "bin": "yes", "bus": "yes", "highway": "bus_stop", "lit": "yes", "name": "Överbyvägen vsk.", "public_transport": "platform", "shelter": "yes" }, "geometry": { "type": "Point", "coordinates": [ 19.6286141, 60.2135992 ] } },
{ "type": "Feature", "id": "node/1804477783", "properties": { "@id": "node/1804477783", "bench": "no", "bin": "no", "bus": "yes", "highway": "bus_stop", "lit": "yes", "name": "Smartpark", "public_transport": "platform", "shelter": "no" }, "geometry": { "type": "Point", "coordinates": [ 19.608153, 60.2144156 ] } },
{ "type": "Feature", "id": "node/1804477784", "properties": { "@id": "node/1804477784", "bench": "yes", "check_date:shelter": "2026-04-05", "highway": "bus_stop", "name": "Brinkbacken", "public_transport": "platform", "ref": "115 1", "shelter": "yes" }, "geometry": { "type": "Point", "coordinates": [ 19.6348267, 60.2143386 ] } },
{ "type": "Feature", "id": "node/1804477787", "properties": { "@id": "node/1804477787", "bench": "no", "bin": "no", "bus": "yes", "highway": "bus_stop", "lit": "yes", "name": "Smartpark", "public_transport": "platform", "shelter": "no" }, "geometry": { "type": "Point", "coordinates": [ 19.6073706, 60.2145115 ] } },
{ "type": "Feature", "id": "node/1804477789", "properties": { "@id": "node/1804477789", "bench": "no", "bin": "no", "highway": "bus_stop", "name": "Brinkbacken", "public_transport": "platform", "ref": "115 1", "shelter": "no" }, "geometry": { "type": "Point", "coordinates": [ 19.6366614, 60.2146671 ] } },
{ "type": "Feature", "id": "node/1804477824", "properties": { "@id": "node/1804477824", "bench": "yes", "bin": "yes", "bus": "yes", "highway": "bus_stop", "name": "Eckerö golf", "public_transport": "platform", "shelter": "yes" }, "geometry": { "type": "Point", "coordinates": [ 19.602802, 60.2167191 ] } },
{ "type": "Feature", "id": "node/1804477830", "properties": { "@id": "node/1804477830", "bench": "no", "bin": "no", "bus": "yes", "highway": "bus_stop", "lit": "no", "name": "Eckerö golf", "public_transport": "platform", "shelter": "no" }, "geometry": { "type": "Point", "coordinates": [ 19.6023183, 60.2174147 ] } },
{ "type": "Feature", "id": "node/1804477864", "properties": { "@id": "node/1804477864", "alt_name": "Postrotemuseet", "bus": "yes", "highway": "bus_stop", "name": "Eckerö posthus vsk.", "public_transport": "platform", "ref": "117 4" }, "geometry": { "type": "Point", "coordinates": [ 19.5461025, 60.2218741 ] } },
{ "type": "Feature", "id": "node/1804477873", "properties": { "@id": "node/1804477873", "bench": "no", "bin": "no", "bus": "yes", "highway": "bus_stop", "name": "Storby", "public_transport": "platform", "shelter": "no" }, "geometry": { "type": "Point", "coordinates": [ 19.5586489, 60.2233275 ] } },
{ "type": "Feature", "id": "node/1804477883", "properties": { "@id": "node/1804477883", "bench": "no", "bin": "no", "check_date:shelter": "2026-04-06", "fixme": "resurvey ref", "highway": "bus_stop", "lit": "yes", "name": "Godbyhallen vsk.", "public_transport": "platform", "ref": "209", "shelter": "no" }, "geometry": { "type": "Point", "coordinates": [ 19.9823751, 60.2240809 ] } },
{ "type": "Feature", "id": "node/1804477886", "properties": { "@id": "node/1804477886", "bench": "no", "bus": "yes", "highway": "bus_stop", "name": "Ollasgatan vsk.", "public_transport": "platform", "shelter": "no" }, "geometry": { "type": "Point", "coordinates": [ 19.5673742, 60.2238899 ] } },
{ "type": "Feature", "id": "node/1804477889", "properties": { "@id": "node/1804477889", "bench": "yes", "bin": "no", "bus": "yes", "highway": "bus_stop", "name": "Böle vsk.", "public_transport": "platform", "shelter": "yes" }, "geometry": { "type": "Point", "coordinates": [ 19.5911566, 60.2250493 ] } },
{ "type": "Feature", "id": "node/1804477892", "properties": { "@id": "node/1804477892", "bench": "no", "bin": "no", "bus": "yes", "highway": "bus_stop", "name": "Böle vsk.", "public_transport": "platform", "shelter": "no" }, "geometry": { "type": "Point", "coordinates": [ 19.5906209, 60.2254933 ] } },
{ "type": "Feature", "id": "node/1804477893", "properties": { "@id": "node/1804477893", "bench": "yes", "bus": "yes", "highway": "bus_stop", "name": "Skagvägen vsk.", "public_transport": "platform", "shelter": "yes" }, "geometry": { "type": "Point", "coordinates": [ 19.5825289, 60.2265763 ] } },
{ "type": "Feature", "id": "node/1804477894", "properties": { "@id": "node/1804477894", "bench": "no", "bus": "yes", "highway": "bus_stop", "name": "Skagvägen vsk.", "public_transport": "platform", "shelter": "no" }, "geometry": { "type": "Point", "coordinates": [ 19.5806832, 60.2264744 ] } },
{ "type": "Feature", "id": "node/1804500490", "properties": { "@id": "node/1804500490", "bench": "no", "bin": "no", "highway": "bus_stop", "lit": "no", "name": "Kockobacka", "public_transport": "platform", "ref": "507 1", "shelter": "no" }, "geometry": { "type": "Point", "coordinates": [ 20.0523401, 60.0637248 ] } },
{ "type": "Feature", "id": "node/1804500491", "properties": { "@id": "node/1804500491", "bench": "no", "bin": "no", "highway": "bus_stop", "lit": "no", "name": "Mellanvik", "public_transport": "platform", "ref": "507 2", "shelter": "no" }, "geometry": { "type": "Point", "coordinates": [ 20.0702546, 60.0663502 ] } },
{ "type": "Feature", "id": "node/1804500492", "properties": { "@id": "node/1804500492", "bench": "no", "bin": "no", "highway": "bus_stop", "lit": "no", "name": "Knutsbodavägen vsk", "public_transport": "platform", "ref": "506 3", "shelter": "no" }, "geometry": { "type": "Point", "coordinates": [ 20.0339666, 60.0677309 ] } },
{ "type": "Feature", "id": "node/1804500515", "properties": { "@id": "node/1804500515", "bench": "yes", "bin": "no", "highway": "bus_stop", "lit": "no", "name": "Knutsboda vsk.", "public_transport": "platform", "ref": "506 2", "shelter": "yes" }, "geometry": { "type": "Point", "coordinates": [ 20.0315927, 60.072254 ] } },
{ "type": "Feature", "id": "node/1804500520", "properties": { "@id": "node/1804500520", "bench": "yes", "bin": "no", "highway": "bus_stop", "lit": "no", "name": "Knutsboda vsk.", "public_transport": "platform", "ref": "506 2", "shelter": "yes" }, "geometry": { "type": "Point", "coordinates": [ 20.0310577, 60.0727271 ] } },
{ "type": "Feature", "id": "node/1804500521", "properties": { "@id": "node/1804500521", "bench": "no", "bin": "no", "highway": "bus_stop", "lit": "no", "name": "Högbergsvägen vsk", "public_transport": "platform", "ref": "506 1", "shelter": "yes" }, "geometry": { "type": "Point", "coordinates": [ 20.0301557, 60.0761588 ] } },
{ "type": "Feature", "id": "node/1809375406", "properties": { "@id": "node/1809375406", "bench": "no", "bin": "no", "fixme": "resurvey ref", "highway": "bus_stop", "lit": "no", "name": "Skarpans vsk.", "public_transport": "platform", "ref": "417 1", "shelter": "no", "survey:date:ref": "2012-07", "tactile_paving": "no" }, "geometry": { "type": "Point", "coordinates": [ 20.2242717, 60.2118178 ] } },
{ "type": "Feature", "id": "node/1809375411", "properties": { "@id": "node/1809375411", "highway": "bus_stop", "name": "Sportkila", "public_transport": "platform", "ref": "414 1", "survey:date:ref": "2012-07" }, "geometry": { "type": "Point", "coordinates": [ 20.1416316, 60.2211302 ] } },
{ "type": "Feature", "id": "node/1809375413", "properties": { "@id": "node/1809375413", "bench": "no", "bin": "no", "highway": "bus_stop", "name": "Sundsvägen 871 vsk.", "public_transport": "platform", "ref": "413 2", "shelter": "no", "survey:date:ref": "2012-07" }, "geometry": { "type": "Point", "coordinates": [ 20.1135916, 60.2217423 ] } },
{ "type": "Feature", "id": "node/1809375415", "properties": { "@id": "node/1809375415", "highway": "bus_stop", "name": "Sundsvägen 871 vsk.", "public_transport": "platform", "ref": "413 2", "survey:date:ref": "2012-07" }, "geometry": { "type": "Point", "coordinates": [ 20.113542, 60.2219009 ] } },
{ "type": "Feature", "id": "node/1809375417", "properties": { "@id": "node/1809375417", "fixme": "resurvey ref", "highway": "bus_stop", "name": "Smedsböle vsk.", "public_transport": "platform", "ref": "415 2", "shelter": "no", "survey:date:ref": "2012-07" }, "geometry": { "type": "Point", "coordinates": [ 20.1619309, 60.2235272 ] } },
{ "type": "Feature", "id": "node/1809375418", "properties": { "@id": "node/1809375418", "bench": "no", "bin": "no", "highway": "bus_stop", "name": "Tosarby vsk.", "public_transport": "platform", "ref": "413 1", "shelter": "no", "survey:date:ref": "2012-07" }, "geometry": { "type": "Point", "coordinates": [ 20.1049698, 60.2235199 ] } },
{ "type": "Feature", "id": "node/1809375419", "properties": { "@id": "node/1809375419", "fixme": "resurvey ref", "highway": "bus_stop", "name": "Finby vsk.", "public_transport": "platform", "ref": "415 1", "shelter": "no", "survey:date:ref": "2012-07" }, "geometry": { "type": "Point", "coordinates": [ 20.1696567, 60.2234704 ] } },
{ "type": "Feature", "id": "node/1809375422", "properties": { "@id": "node/1809375422", "bench": "no", "bin": "no", "highway": "bus_stop", "lit": "no", "name": "Tosarby vsk.", "public_transport": "platform", "ref": "413 1", "shelter": "no", "survey:date:ref": "2012-07" }, "geometry": { "type": "Point", "coordinates": [ 20.1043404, 60.2238636 ] } },
{ "type": "Feature", "id": "node/1809375429", "properties": { "@id": "node/1809375429", "bench": "yes", "highway": "bus_stop", "name": "Godby centrum", "public_transport": "platform", "ref": "209 4", "shelter": "yes", "survey:date:ref": "2018-12-20" }, "geometry": { "type": "Point", "coordinates": [ 19.9893073, 60.2305651 ] } },
{ "type": "Feature", "id": "node/1809375430", "properties": { "@id": "node/1809375430", "highway": "bus_stop", "name": "Kastelholm", "public_transport": "platform", "ref": "412 2", "shelter": "no", "survey:date:ref": "2012-07" }, "geometry": { "type": "Point", "coordinates": [ 20.0919364, 60.2306112 ] } },
{ "type": "Feature", "id": "node/1809375432", "properties": { "@id": "node/1809375432", "highway": "bus_stop", "public_transport": "platform", "ref": "209 5" }, "geometry": { "type": "Point", "coordinates": [ 19.9954924, 60.2323322 ] } },
{ "type": "Feature", "id": "node/1809375433", "properties": { "@id": "node/1809375433", "bench": "yes", "bin": "no", "highway": "bus_stop", "public_transport": "platform", "shelter": "no" }, "geometry": { "type": "Point", "coordinates": [ 20.0005634, 60.2337193 ] } },
{ "type": "Feature", "id": "node/1809375472", "properties": { "@id": "node/1809375472", "bench": "no", "highway": "bus_stop", "name": "Stenbro vsk.", "network": "Alandstrafiken", "operator": "Viking Bus Lines;Sundsbussen", "public_transport": "platform", "ref": "412 1", "shelter": "no", "survey:date:ref": "2012-07", "timetable": "yes" }, "geometry": { "type": "Point", "coordinates": [ 20.0827369, 60.2384545 ] } },
{ "type": "Feature", "id": "node/1809375490", "properties": { "@id": "node/1809375490", "bench": "yes", "fixme": "resurvey ref", "highway": "bus_stop", "name": "Färjsundsbron", "public_transport": "platform", "ref": "310", "shelter": "yes" }, "geometry": { "type": "Point", "coordinates": [ 20.0205924, 60.240119 ] } },
{ "type": "Feature", "id": "node/1809375491", "properties": { "@id": "node/1809375491", "bench": "no", "highway": "bus_stop", "name": "Slottsvägen vsk.", "public_transport": "platform", "ref": "411 3", "shelter": "no", "survey:date:ref": "2012-07" }, "geometry": { "type": "Point", "coordinates": [ 20.0721634, 60.2402656 ] } },
{ "type": "Feature", "id": "node/1809375492", "properties": { "@id": "node/1809375492", "highway": "bus_stop", "name": "Kullavägen vsk.", "public_transport": "platform", "ref": "411 2", "survey:date:ref": "2012-07" }, "geometry": { "type": "Point", "coordinates": [ 20.0648382, 60.2405268 ] } },
{ "type": "Feature", "id": "node/1809375493", "properties": { "@id": "node/1809375493", "highway": "bus_stop", "name": "Kullavägen vsk.", "public_transport": "platform", "ref": "411 2", "survey:date:ref": "2012-07" }, "geometry": { "type": "Point", "coordinates": [ 20.0639259, 60.2409293 ] } },
{ "type": "Feature", "id": "node/1809375494", "properties": { "@id": "node/1809375494", "bench": "yes", "fixme": "resurvey ref", "highway": "bus_stop", "name": "Södernäsvägen vsk.", "public_transport": "platform", "ref": "310 2", "shelter": "yes", "survey:date:ref": "2012-07" }, "geometry": { "type": "Point", "coordinates": [ 20.0244664, 60.2416124 ] } },
{ "type": "Feature", "id": "node/1809375495", "properties": { "@id": "node/1809375495", "highway": "bus_stop", "name": "Brokärrsvägen vsk.", "public_transport": "platform", "ref": "411 1", "survey:date:ref": "2012-07" }, "geometry": { "type": "Point", "coordinates": [ 20.0599011, 60.2420093 ] } },
{ "type": "Feature", "id": "node/1809375496", "properties": { "@id": "node/1809375496", "highway": "bus_stop", "name": "Brokärrsvägen vsk.", "public_transport": "platform", "ref": "411 1", "shelter": "yes", "survey:date:ref": "2012-07" }, "geometry": { "type": "Point", "coordinates": [ 20.0591533, 60.2424559 ] } },
{ "type": "Feature", "id": "node/1809375497", "properties": { "@id": "node/1809375497", "bench": "no", "bin": "no", "highway": "bus_stop", "lit": "no", "name": "Chipsfabriken", "public_transport": "platform", "ref": "310 4", "shelter": "no", "survey:date:ref": "2012-07" }, "geometry": { "type": "Point", "coordinates": [ 20.0531036, 60.2443772 ] } },
{ "type": "Feature", "id": "node/1847342518", "properties": { "@id": "node/1847342518", "bench": "yes", "bin": "no", "highway": "bus_stop", "lit": "no", "name": "Lemströms kanal", "public_transport": "platform", "ref": "504 4", "shelter": "yes" }, "geometry": { "type": "Point", "coordinates": [ 20.0151422, 60.0983921 ] } },
{ "type": "Feature", "id": "node/1847342525", "properties": { "@id": "node/1847342525", "bench": "yes", "bin": "no", "highway": "bus_stop", "lit": "no", "name": "Söderhägnan", "public_transport": "platform", "ref": "504 3", "shelter": "no" }, "geometry": { "type": "Point", "coordinates": [ 20.0137502, 60.1057684 ] } },
{ "type": "Feature", "id": "node/1852369987", "properties": { "@id": "node/1852369987", "bench": "no", "bus": "yes", "highway": "bus_stop", "name": "Eckerö linjen Berghamn", "public_transport": "platform", "ref": "117 5", "shelter": "no" }, "geometry": { "type": "Point", "coordinates": [ 19.5375478, 60.225232 ] } },
{ "type": "Feature", "id": "node/1867756330", "properties": { "@id": "node/1867756330", "bench": "no", "bin": "no", "bus": "yes", "highway": "bus_stop", "name": "Solberget södra", "old_name": "Solberget vsk.", "public_transport": "platform", "ref": "503 1", "ref:findr": "308035", "shelter": "no" }, "geometry": { "type": "Point", "coordinates": [ 19.9787838, 60.1125424 ] } },
{ "type": "Feature", "id": "node/1867756332", "properties": { "@id": "node/1867756332", "bench": "no", "bin": "no", "bus": "yes", "highway": "bus_stop", "name": "Solberget södra", "old_name": "Solberget vsk.", "public_transport": "platform", "ref": "503 1", "shelter": "no" }, "geometry": { "type": "Point", "coordinates": [ 19.9820095, 60.1122388 ] } },
{ "type": "Feature", "id": "node/1909864443", "properties": { "@id": "node/1909864443", "bench": "no", "bin": "no", "bus": "yes", "highway": "bus_stop", "name": "Bengtsböle", "public_transport": "platform", "ref": "509 1", "shelter": "no" }, "geometry": { "type": "Point", "coordinates": [ 20.1117381, 60.0690998 ] } },
{ "type": "Feature", "id": "node/1913416467", "properties": { "@id": "node/1913416467", "bus": "yes", "highway": "bus_stop", "name": "Bussplan", "old_name": "Polishuset", "public_transport": "platform", "ref:findr": "180708", "survey:date": "2013-04-02" }, "geometry": { "type": "Point", "coordinates": [ 19.942604, 60.1024529 ] } },
{ "type": "Feature", "id": "node/1913416479", "properties": { "@id": "node/1913416479", "bus": "yes", "highway": "bus_stop", "name": "Strandgränd", "old_name": "Strandgatan 13", "public_transport": "platform", "ref:findr": "180668", "survey:date": "2013-04-02" }, "geometry": { "type": "Point", "coordinates": [ 19.9421351, 60.104392 ] } },
{ "type": "Feature", "id": "node/1913416483", "properties": { "@id": "node/1913416483", "bus": "yes", "full_name": "Hotell & restaurangskolan", "highway": "bus_stop", "name": "Hot. & rest. skolan", "public_transport": "platform", "ref:findr": "180644", "survey:date": "2013-03-15" }, "geometry": { "type": "Point", "coordinates": [ 19.9415748, 60.1075526 ] } },
{ "type": "Feature", "id": "node/1913416485", "properties": { "@id": "node/1913416485", "bus": "yes", "highway": "bus_stop", "name": "Musikinstitutet", "public_transport": "platform", "source:name": "sign" }, "geometry": { "type": "Point", "coordinates": [ 19.9404446, 60.1110892 ] } },
{ "type": "Feature", "id": "node/1913416488", "properties": { "@id": "node/1913416488", "bench": "no", "bus": "yes", "highway": "bus_stop", "name": "Vedhuggsvägen", "old_name": "Grindmattesvägen 2", "public_transport": "platform", "shelter": "no" }, "geometry": { "type": "Point", "coordinates": [ 19.9385795, 60.1139896 ] } },
{ "type": "Feature", "id": "node/1913416490", "properties": { "@id": "node/1913416490", "bus": "yes", "highway": "bus_stop", "name": "Strandnäs hotell", "note": "grön 27", "public_transport": "platform", "ref": "202", "ref:findr": "180911", "shelter": "yes", "survey:date": "2013-04-16", "tactile_paving": "yes" }, "geometry": { "type": "Point", "coordinates": [ 19.9424839, 60.119694 ] } },
{ "type": "Feature", "id": "node/1913416491", "properties": { "@id": "node/1913416491", "bench": "yes", "bin": "no", "bus": "yes", "highway": "bus_stop", "name": "Strandnäs hotell", "public_transport": "platform", "ref": "202", "ref:findr": "180843", "shelter": "yes" }, "geometry": { "type": "Point", "coordinates": [ 19.9427694, 60.1202029 ] } },
{ "type": "Feature", "id": "node/1913416493", "properties": { "@id": "node/1913416493", "bus": "yes", "highway": "bus_stop", "public_transport": "platform" }, "geometry": { "type": "Point", "coordinates": [ 19.937921, 60.1237752 ] } },
{ "type": "Feature", "id": "node/1913416494", "properties": { "@id": "node/1913416494", "bus": "yes", "highway": "bus_stop", "public_transport": "platform", "shelter": "no" }, "geometry": { "type": "Point", "coordinates": [ 19.9362032, 60.1259649 ] } },
{ "type": "Feature", "id": "node/1913416505", "properties": { "@id": "node/1913416505", "bus": "yes", "highway": "bus_stop", "public_transport": "platform", "shelter": "no" }, "geometry": { "type": "Point", "coordinates": [ 19.9378375, 60.1285179 ] } },
{ "type": "Feature", "id": "node/1928222314", "properties": { "@id": "node/1928222314", "highway": "bus_stop" }, "geometry": { "type": "Point", "coordinates": [ 19.8797128, 60.2492329 ] } },
{ "type": "Feature", "id": "node/2060837668", "properties": { "@id": "node/2060837668", "bench": "no", "bin": "no", "bus": "yes", "highway": "bus_stop", "lit": "yes", "name": "Torget", "public_transport": "platform", "ref:findr": "332844", "shelter": "no" }, "geometry": { "type": "Point", "coordinates": [ 19.941723, 60.0972265 ] } },
{ "type": "Feature", "id": "node/2241780836", "properties": { "@id": "node/2241780836", "bench": "yes", "bin": "yes", "bus": "yes", "highway": "bus_stop", "lit": "yes", "name": "Centrum", "note:ref": "green=50;red=42", "public_transport": "platform", "ref:findr": "180942", "shelter": "yes", "short_name": "Centrum", "survey:date": "2013-04-06" }, "geometry": { "type": "Point", "coordinates": [ 19.941345, 60.1000923 ] } },
{ "type": "Feature", "id": "node/2241928779", "properties": { "@id": "node/2241928779", "bench": "yes", "bin": "no", "bus": "yes", "highway": "bus_stop", "name": "Odalgården", "public_transport": "platform", "ref": "202", "shelter": "yes" }, "geometry": { "type": "Point", "coordinates": [ 19.9430296, 60.1223086 ] } },
{ "type": "Feature", "id": "node/2241970343", "properties": { "@id": "node/2241970343", "alt_name": "Uppgårdsvägen 10", "bench": "yes", "bin": "no", "bus": "yes", "check_date:shelter": "2022-09-26", "highway": "bus_stop", "lit": "yes", "name": "Östra Stenliden", "public_transport": "platform", "ref:findr": "180715", "shelter": "yes" }, "geometry": { "type": "Point", "coordinates": [ 19.9342752, 60.1193921 ] } },
{ "type": "Feature", "id": "node/2242009037", "properties": { "@id": "node/2242009037", "bench": "no", "bin": "no", "bus": "yes", "check_date:shelter": "2022-01-05", "highway": "bus_stop", "lit": "no", "loc_name": "Klinten", "name": "Cedersvägen", "old_name": "Klintvägen 11", "public_transport": "platform", "shelter": "no" }, "geometry": { "type": "Point", "coordinates": [ 19.9338405, 60.1094407 ] } },
{ "type": "Feature", "id": "node/2242009040", "properties": { "@id": "node/2242009040", "bench": "no", "bin": "no", "bus": "yes", "direction": "234", "highway": "bus_stop", "name": "Klintvägen", "old_name": "Klintvägen 18", "public_transport": "platform", "ref:findr": "180468", "shelter": "no" }, "geometry": { "type": "Point", "coordinates": [ 19.9331905, 60.1075407 ] } },
{ "type": "Feature", "id": "node/2242021565", "properties": { "@id": "node/2242021565", "bench": "no", "bin": "no", "bus": "yes", "direction": "157", "highway": "bus_stop", "lit": "no", "name": "Yrkesgymnasiet", "old_name": "Yrkesskolan", "public_transport": "platform", "ref:findr": "180839", "shelter": "no" }, "geometry": { "type": "Point", "coordinates": [ 19.9288683, 60.1020495 ] } },
{ "type": "Feature", "id": "node/2242021569", "properties": { "@id": "node/2242021569", "bench": "no", "bin": "no", "bus": "yes", "highway": "bus_stop", "lit": "yes", "name": "Idrottsgården", "public_transport": "platform", "shelter": "no", "source:name": "sign;Digiroad.fi" }, "geometry": { "type": "Point", "coordinates": [ 19.9300558, 60.1007654 ] } },
{ "type": "Feature", "id": "node/2242260588", "properties": { "@id": "node/2242260588", "bench": "yes", "bin": "no", "bus": "yes", "check_date": "2025-07-18", "check_date:bin": "2025-07-18", "highway": "bus_stop", "name": "Hamnterminalen", "note:ref": "red=48", "public_transport": "platform", "shelter": "yes", "tactile_paving": "no" }, "geometry": { "type": "Point", "coordinates": [ 19.9291217, 60.0925724 ] } },
{ "type": "Feature", "id": "node/2242268897", "properties": { "@id": "node/2242268897", "bus": "yes", "highway": "bus_stop", "note:ref": "green=4 S;green=4 N", "public_transport": "platform", "shelter": "no", "survey:date": "2019-08-10" }, "geometry": { "type": "Point", "coordinates": [ 19.9351269, 60.0978031 ] } },
{ "type": "Feature", "id": "node/2242514507", "properties": { "@id": "node/2242514507", "bus": "yes", "highway": "bus_stop", "public_transport": "platform" }, "geometry": { "type": "Point", "coordinates": [ 19.9554945, 60.0780085 ] } },
{ "type": "Feature", "id": "node/2243269840", "properties": { "@id": "node/2243269840", "bus": "yes", "highway": "bus_stop", "public_transport": "platform", "shelter": "no" }, "geometry": { "type": "Point", "coordinates": [ 19.9380216, 60.1284334 ] } },
{ "type": "Feature", "id": "node/2243356612", "properties": { "@id": "node/2243356612", "alt_name": "Hindersbölevägen", "bench": "yes", "bus": "yes", "direction": "78", "highway": "bus_stop", "name": "Bikupan", "public_transport": "platform", "ref:findr": "180596", "shelter": "yes" }, "geometry": { "type": "Point", "coordinates": [ 19.9525719, 60.1195967 ] } },
{ "type": "Feature", "id": "node/2243356616", "properties": { "@id": "node/2243356616", "alt_name": "Hindersbölevägen", "bench": "yes", "bus": "yes", "direction": "258", "highway": "bus_stop", "name": "Bikupan", "public_transport": "platform", "shelter": "yes" }, "geometry": { "type": "Point", "coordinates": [ 19.9522098, 60.1196435 ] } },
{ "type": "Feature", "id": "node/2243356618", "properties": { "@id": "node/2243356618", "bench": "yes", "bus": "yes", "direction": "184", "highway": "bus_stop", "loc_name": "Örtvägen Södra", "name": "Lemlandsvägen", "old_name": "Örtvägen 40", "public_transport": "platform", "ref:findr": "180756", "shelter": "yes" }, "geometry": { "type": "Point", "coordinates": [ 19.9573574, 60.1166035 ] } },
{ "type": "Feature", "id": "node/2243356619", "properties": { "@id": "node/2243356619", "bench": "yes", "bus": "yes", "direction": "9", "highway": "bus_stop", "loc_name": "Örtvägen Södra", "name": "Lemlandsvägen", "old_name": "Örtvägen 40", "public_transport": "platform", "shelter": "yes" }, "geometry": { "type": "Point", "coordinates": [ 19.957599, 60.1168028 ] } },
{ "type": "Feature", "id": "node/2243356621", "properties": { "@id": "node/2243356621", "bus": "yes", "direction": "209", "highway": "bus_stop", "name": "Backebergs sportfält", "old_name": "Högbackagatan 26", "public_transport": "platform", "ref:findr": "180866", "shelter": "no" }, "geometry": { "type": "Point", "coordinates": [ 19.9498151, 60.1199181 ] } },
{ "type": "Feature", "id": "node/2243356624", "properties": { "@id": "node/2243356624", "alt_name": "Bogränd", "bench": "yes", "bus": "yes", "direction": "172", "highway": "bus_stop", "name": "Högbackagatan", "old_name": "Högbackagatan 10", "public_transport": "platform", "ref:findr": "180557", "shelter": "yes" }, "geometry": { "type": "Point", "coordinates": [ 19.9493269, 60.1218886 ] } },
{ "type": "Feature", "id": "node/2243356628", "properties": { "@id": "node/2243356628", "alt_name": "Lillåkersvägen", "bench": "yes", "bus": "yes", "direction": "182", "highway": "bus_stop", "public_transport": "platform", "ref:findr": "180443", "shelter": "yes" }, "geometry": { "type": "Point", "coordinates": [ 19.9478487, 60.1236579 ] } },
{ "type": "Feature", "id": "node/2243356635", "properties": { "@id": "node/2243356635", "alt_name": "Örtvägen 30", "bench": "yes", "bus": "yes", "direction": "189", "highway": "bus_stop", "loc_name": "Örtvägen Norra", "name": "Örtvägen", "old_name": "Örtvägen 30", "public_transport": "platform", "ref:findr": "180477", "shelter": "yes" }, "geometry": { "type": "Point", "coordinates": [ 19.957707, 60.1195463 ] } },
{ "type": "Feature", "id": "node/2243356640", "properties": { "@id": "node/2243356640", "alt_name": "Örtvägen 30", "bench": "yes", "bus": "yes", "direction": "8", "highway": "bus_stop", "loc_name": "Örtvägen Norra", "name": "Örtvägen", "old_name": "Örtvägen 30", "public_transport": "platform", "shelter": "yes" }, "geometry": { "type": "Point", "coordinates": [ 19.9579626, 60.1196128 ] } },
{ "type": "Feature", "id": "node/2245097864", "properties": { "@id": "node/2245097864", "bench": "no", "bus": "yes", "highway": "bus_stop", "public_transport": "platform", "shelter": "no" }, "geometry": { "type": "Point", "coordinates": [ 19.9418298, 60.1045346 ] } },
{ "type": "Feature", "id": "node/2245310821", "properties": { "@id": "node/2245310821", "bus": "yes", "highway": "bus_stop", "name": "Strandnäs skola, södra", "public_transport": "platform", "ref": "801" }, "geometry": { "type": "Point", "coordinates": [ 19.9454287, 60.1154391 ] } },
{ "type": "Feature", "id": "node/2245466973", "properties": { "@id": "node/2245466973", "bench": "yes", "bin": "no", "bus": "yes", "highway": "bus_stop", "name": "Odalgården", "public_transport": "platform", "ref": "202", "shelter": "yes" }, "geometry": { "type": "Point", "coordinates": [ 19.9427931, 60.1216834 ] } },
{ "type": "Feature", "id": "node/2245504528", "properties": { "@id": "node/2245504528", "bench": "yes", "bus": "yes", "highway": "bus_stop", "name": "Högskolan södra", "public_transport": "platform", "shelter": "yes" }, "geometry": { "type": "Point", "coordinates": [ 19.9315542, 60.0945979 ] } },
{ "type": "Feature", "id": "node/2246295648", "properties": { "@id": "node/2246295648", "bench": "yes", "bin": "no", "bus": "yes", "check_date:shelter": "2023-10-20", "highway": "bus_stop", "lit": "no", "name": "Nåtö biologiska", "public_transport": "platform", "ref": "806", "shelter": "yes" }, "geometry": { "type": "Point", "coordinates": [ 19.9747394, 60.0462963 ] } },
{ "type": "Feature", "id": "node/2252707591", "properties": { "@id": "node/2252707591", "bench": "no", "bin": "no", "bus": "yes", "check_date:shelter": "2023-10-20", "highway": "bus_stop", "lit": "yes", "name": "Nåtö biologiska", "public_transport": "platform", "ref": "806", "shelter": "no" }, "geometry": { "type": "Point", "coordinates": [ 19.9742446, 60.0457391 ] } },
{ "type": "Feature", "id": "node/2265375671", "properties": { "@id": "node/2265375671", "bench": "yes", "bin": "no", "highway": "bus_stop", "lit": "yes", "name": "Önningeby vsk", "public_transport": "platform", "ref": "504 1", "shelter": "yes" }, "geometry": { "type": "Point", "coordinates": [ 20.0063065, 60.1109804 ] } },
{ "type": "Feature", "id": "node/2274251565", "properties": { "@id": "node/2274251565", "bench": "no", "bus": "yes", "fixme": "resurvey ref", "highway": "bus_stop", "name": "Mickelsö vsk.", "public_transport": "platform", "ref": "419 1", "shelter": "no", "survey:date:ref": "2013-04" }, "geometry": { "type": "Point", "coordinates": [ 20.2860847, 60.2059579 ] } },
{ "type": "Feature", "id": "node/2274251583", "properties": { "@id": "node/2274251583", "bench": "yes", "bus": "yes", "fixme": "resurvey ref", "highway": "bus_stop", "name": "Mickelsö vsk.", "public_transport": "platform", "ref": "419 1", "shelter": "yes", "survey:date:ref": "2013-04" }, "geometry": { "type": "Point", "coordinates": [ 20.2852864, 60.2060275 ] } },
{ "type": "Feature", "id": "node/2321261097", "properties": { "@id": "node/2321261097", "bench": "yes", "bin": "no", "bus": "yes", "highway": "bus_stop", "name": "Dalkarbyvägen", "public_transport": "platform", "ref": "203 1", "shelter": "yes" }, "geometry": { "type": "Point", "coordinates": [ 19.939242, 60.1359329 ] } },
{ "type": "Feature", "id": "node/2376966571", "properties": { "@id": "node/2376966571", "bench": "yes", "bin": "no", "bus": "yes", "description": "Line 1", "highway": "bus_stop", "lit": "yes", "name": "Torget", "public_transport": "platform", "ref:findr": "180917", "shelter": "no" }, "geometry": { "type": "Point", "coordinates": [ 19.9438282, 60.0974766 ] } },
{ "type": "Feature", "id": "node/2376966908", "properties": { "@id": "node/2376966908", "bench": "yes", "bin": "no", "bus": "yes", "description": "Line 2, 3, 4", "highway": "bus_stop", "lit": "yes", "name": "Torget", "public_transport": "platform", "ref:findr": "180734", "shelter": "no" }, "geometry": { "type": "Point", "coordinates": [ 19.9434497, 60.0974581 ] } },
{ "type": "Feature", "id": "node/2376968594", "properties": { "@id": "node/2376968594", "bench": "yes", "bin": "no", "bus": "yes", "description": "Line 5", "highway": "bus_stop", "lit": "yes", "name": "Torget", "public_transport": "platform", "ref:findr": "180929", "shelter": "no" }, "geometry": { "type": "Point", "coordinates": [ 19.943065, 60.0974399 ] } },
{ "type": "Feature", "id": "node/2944553444", "properties": { "@id": "node/2944553444", "highway": "bus_stop", "name": "Kvarnbo", "public_transport": "platform", "ref": "312" }, "geometry": { "type": "Point", "coordinates": [ 20.0622557, 60.276102 ] } },
{ "type": "Feature", "id": "node/2944553487", "properties": { "@id": "node/2944553487", "highway": "bus_stop", "name": "Hemdal", "public_transport": "platform", "ref": "312" }, "geometry": { "type": "Point", "coordinates": [ 20.0626445, 60.27972 ] } },
{ "type": "Feature", "id": "node/2944553488", "properties": { "@id": "node/2944553488", "highway": "bus_stop" }, "geometry": { "type": "Point", "coordinates": [ 20.1058608, 60.2798643 ] } },
{ "type": "Feature", "id": "node/2944553489", "properties": { "@id": "node/2944553489", "highway": "bus_stop" }, "geometry": { "type": "Point", "coordinates": [ 20.1065973, 60.2800811 ] } },
{ "type": "Feature", "id": "node/2944553490", "properties": { "@id": "node/2944553490", "highway": "bus_stop", "name": "Hemdal", "public_transport": "platform", "ref": "312" }, "geometry": { "type": "Point", "coordinates": [ 20.0631905, 60.2802918 ] } },
{ "type": "Feature", "id": "node/2944553499", "properties": { "@id": "node/2944553499", "highway": "bus_stop", "name": "Kvavelbro", "public_transport": "platform", "ref": "312" }, "geometry": { "type": "Point", "coordinates": [ 20.0643613, 60.2859499 ] } },
{ "type": "Feature", "id": "node/2944553500", "properties": { "@id": "node/2944553500", "highway": "bus_stop", "name": "Lafsbölevägen vsk.", "public_transport": "platform", "ref": "313" }, "geometry": { "type": "Point", "coordinates": [ 20.0643793, 60.2898498 ] } },
{ "type": "Feature", "id": "node/2944553501", "properties": { "@id": "node/2944553501", "highway": "bus_stop", "name": "Lafsbölevägen vsk.", "public_transport": "platform", "ref": "313" }, "geometry": { "type": "Point", "coordinates": [ 20.0642585, 60.2907152 ] } },
{ "type": "Feature", "id": "node/2944554542", "properties": { "@id": "node/2944554542", "bus": "yes", "highway": "bus_stop", "name": "Ödkarby", "public_transport": "platform", "ref:findr": "307725" }, "geometry": { "type": "Point", "coordinates": [ 19.9799612, 60.3100762 ] } },
{ "type": "Feature", "id": "node/2944554548", "properties": { "@id": "node/2944554548", "bench": "yes", "bin": "no", "highway": "bus_stop", "lit": "no", "name": "Hamnsundsvägen vsk.", "public_transport": "platform", "ref": "313", "shelter": "yes" }, "geometry": { "type": "Point", "coordinates": [ 20.0537577, 60.3114424 ] } },
{ "type": "Feature", "id": "node/2944554549", "properties": { "@id": "node/2944554549", "bench": "no", "bin": "no", "highway": "bus_stop", "lit": "no", "name": "Hamnsundsvägen vsk.", "public_transport": "platform", "ref": "313", "shelter": "no" }, "geometry": { "type": "Point", "coordinates": [ 20.0528056, 60.312286 ] } },
{ "type": "Feature", "id": "node/2944554586", "properties": { "@id": "node/2944554586", "bus": "yes", "highway": "bus_stop", "name": "Laby", "public_transport": "platform", "ref": "325", "ref:findr": "307726" }, "geometry": { "type": "Point", "coordinates": [ 19.9964814, 60.318329 ] } },
{ "type": "Feature", "id": "node/2944554600", "properties": { "@id": "node/2944554600", "highway": "bus_stop", "name": "Strömma", "public_transport": "platform", "ref": "314" }, "geometry": { "type": "Point", "coordinates": [ 20.0437529, 60.3206532 ] } },
{ "type": "Feature", "id": "node/2944554601", "properties": { "@id": "node/2944554601", "highway": "bus_stop", "name": "Strömma", "public_transport": "platform", "ref": "314" }, "geometry": { "type": "Point", "coordinates": [ 20.0443115, 60.3206533 ] } },
{ "type": "Feature", "id": "node/2944554613", "properties": { "@id": "node/2944554613", "highway": "bus_stop", "name": "Hummelskär", "public_transport": "platform", "ref": "315" }, "geometry": { "type": "Point", "coordinates": [ 20.0293572, 60.3211519 ] } },
{ "type": "Feature", "id": "node/2944554616", "properties": { "@id": "node/2944554616", "highway": "bus_stop", "name": "Hummelskär", "public_transport": "platform", "ref": "315" }, "geometry": { "type": "Point", "coordinates": [ 20.0299557, 60.3212217 ] } },
{ "type": "Feature", "id": "node/2944554617", "properties": { "@id": "node/2944554617", "highway": "bus_stop", "name": "Tobölevägen vsk.", "public_transport": "platform", "ref": "316" }, "geometry": { "type": "Point", "coordinates": [ 20.0189864, 60.3217721 ] } },
{ "type": "Feature", "id": "node/2944554618", "properties": { "@id": "node/2944554618", "highway": "bus_stop", "name": "Tobölevägen vsk.", "public_transport": "platform", "ref": "316" }, "geometry": { "type": "Point", "coordinates": [ 20.0195809, 60.3219046 ] } },
{ "type": "Feature", "id": "node/2944604125", "properties": { "@id": "node/2944604125", "bench": "no", "bin": "yes", "fixme": "resurvey ref, resurvey position", "highway": "bus_stop", "lit": "no", "name": "Geta centrum", "public_transport": "platform", "ref": "221", "route_ref": "2", "shelter": "yes", "tactile_paving": "no" }, "geometry": { "type": "Point", "coordinates": [ 19.8470364, 60.3746129 ] } },
{ "type": "Feature", "id": "node/2948204284", "properties": { "@id": "node/2948204284", "bench": "yes", "bin": "no", "highway": "bus_stop", "name": "Sportkila", "public_transport": "platform", "ref": "414 1", "shelter": "yes", "survey:date:ref": "2012-07" }, "geometry": { "type": "Point", "coordinates": [ 20.1364377, 60.220614 ] } },
{ "type": "Feature", "id": "node/2948204289", "properties": { "@id": "node/2948204289", "highway": "bus_stop", "name": "Kastelholm", "public_transport": "platform", "ref": "412 2", "survey:date:ref": "2012-07" }, "geometry": { "type": "Point", "coordinates": [ 20.0908566, 60.2312593 ] } },
{ "type": "Feature", "id": "node/2948204295", "properties": { "@id": "node/2948204295", "bench": "no", "highway": "bus_stop", "name": "Stenbro vsk.", "network": "Alandstrafiken", "operator": "Viking Line Buss;Sundsbussen", "public_transport": "platform", "ref": "412 1", "shelter": "yes", "survey:date:ref": "2012-07", "timetable": "yes" }, "geometry": { "type": "Point", "coordinates": [ 20.0835848, 60.2380087 ] } },
{ "type": "Feature", "id": "node/2948204302", "properties": { "@id": "node/2948204302", "fixme": "resurvey ref", "highway": "bus_stop", "name": "Färjsundsbron", "public_transport": "platform", "ref": "310" }, "geometry": { "type": "Point", "coordinates": [ 20.0203801, 60.2398151 ] } },
{ "type": "Feature", "id": "node/2948204306", "properties": { "@id": "node/2948204306", "fixme": "resurvey ref", "highway": "bus_stop", "name": "Södernäsvägen vsk.", "public_transport": "platform", "ref": "310 2", "survey:date:ref": "2012-07" }, "geometry": { "type": "Point", "coordinates": [ 20.0266403, 60.2420215 ] } },
{ "type": "Feature", "id": "node/2948204312", "properties": { "@id": "node/2948204312", "bench": "no", "bin": "no", "highway": "bus_stop", "lit": "no", "name": "Tärnebolstad", "public_transport": "platform", "ref": "211", "shelter": "no" }, "geometry": { "type": "Point", "coordinates": [ 19.9584315, 60.2664226 ] } },
{ "type": "Feature", "id": "node/2948204314", "properties": { "@id": "node/2948204314", "bench": "no", "bin": "no", "highway": "bus_stop", "lit": "no", "name": "Tärnebolstad", "public_transport": "platform", "ref": "211", "shelter": "no" }, "geometry": { "type": "Point", "coordinates": [ 19.9576948, 60.2669125 ] } },
{ "type": "Feature", "id": "node/2948204315", "properties": { "@id": "node/2948204315", "bench": "no", "bin": "no", "bus": "yes", "highway": "bus_stop", "lit": "no", "name": "Sandösund", "public_transport": "platform", "shelter": "no" }, "geometry": { "type": "Point", "coordinates": [ 20.3880257, 60.2707757 ] } },
{ "type": "Feature", "id": "node/2948204316", "properties": { "@id": "node/2948204316", "bench": "no", "bin": "no", "bus": "yes", "highway": "bus_stop", "lit": "no", "name": "Sandösund", "public_transport": "platform", "shelter": "no" }, "geometry": { "type": "Point", "coordinates": [ 20.3869537, 60.271001 ] } },
{ "type": "Feature", "id": "node/2948563401", "properties": { "@id": "node/2948563401", "bench": "yes", "check_date:shelter": "2022-11-03", "highway": "bus_stop", "name": "Prästö färjfäste", "public_transport": "platform", "ref": "418", "shelter": "yes" }, "geometry": { "type": "Point", "coordinates": [ 20.2718505, 60.2083573 ] } },
{ "type": "Feature", "id": "node/2948563403", "properties": { "@id": "node/2948563403", "fixme": "resurvey ref", "highway": "bus_stop", "name": "Töftö", "public_transport": "platform", "ref": "419" }, "geometry": { "type": "Point", "coordinates": [ 20.2980268, 60.2117262 ] } },
{ "type": "Feature", "id": "node/2948563404", "properties": { "@id": "node/2948563404", "fixme": "resurvey ref", "highway": "bus_stop", "name": "Töftö", "public_transport": "platform", "ref": "419", "shelter": "yes" }, "geometry": { "type": "Point", "coordinates": [ 20.298425, 60.2120648 ] } },
{ "type": "Feature", "id": "node/2948563417", "properties": { "@id": "node/2948563417", "bench": "yes", "highway": "bus_stop", "name": "Slottsvägen vsk.", "public_transport": "platform", "ref": "411 3", "shelter": "yes", "survey:date:ref": "2012-07" }, "geometry": { "type": "Point", "coordinates": [ 20.0714538, 60.2403662 ] } },
{ "type": "Feature", "id": "node/2948563418", "properties": { "@id": "node/2948563418", "highway": "bus_stop", "name": "Vårdö kyrka", "public_transport": "platform", "ref": "422 1", "shelter": "yes", "survey:date:ref": "2009-04" }, "geometry": { "type": "Point", "coordinates": [ 20.371713, 60.2424737 ] } },
{ "type": "Feature", "id": "node/2948563419", "properties": { "@id": "node/2948563419", "check_date:shelter": "2025-08-05", "highway": "bus_stop", "name": "Vårdö kyrka", "public_transport": "platform", "ref": "422 1", "shelter": "yes", "survey:date:ref": "2009-04" }, "geometry": { "type": "Point", "coordinates": [ 20.3705763, 60.2429632 ] } },
{ "type": "Feature", "id": "node/2948563420", "properties": { "@id": "node/2948563420", "bench": "yes", "bus": "yes", "highway": "bus_stop", "name": "Vargata brygga vsk.", "public_transport": "platform", "ref": "421 1", "ref:findr": "307933", "shelter": "yes", "survey:date:ref": "2015-06" }, "geometry": { "type": "Point", "coordinates": [ 20.3414071, 60.2436239 ] } },
{ "type": "Feature", "id": "node/3512646089", "properties": { "@id": "node/3512646089", "bench": "yes", "bus": "yes", "highway": "bus_stop", "name": "Eckerö kyrka", "public_transport": "platform", "shelter": "yes" }, "geometry": { "type": "Point", "coordinates": [ 19.6121754, 60.2129242 ] } },
{ "type": "Feature", "id": "node/3522697882", "properties": { "@id": "node/3522697882", "alt_name": "Transmar", "bench": "no", "bin": "no", "bus": "yes", "highway": "bus_stop", "name": "Vikingagränd", "public_transport": "platform", "ref:findr": "180796", "shelter": "no" }, "geometry": { "type": "Point", "coordinates": [ 19.9359595, 60.1227692 ] } },
{ "type": "Feature", "id": "node/3532894916", "properties": { "@id": "node/3532894916", "alt_name": "Postrotemuseet", "bus": "yes", "highway": "bus_stop", "name": "Eckerö posthus vsk.", "public_transport": "platform", "ref": "117 4" }, "geometry": { "type": "Point", "coordinates": [ 19.5440833, 60.2215648 ] } },
{ "type": "Feature", "id": "node/3532894919", "properties": { "@id": "node/3532894919", "bench": "yes", "bin": "yes", "bus": "yes", "highway": "bus_stop", "name": "Storby", "public_transport": "platform", "shelter": "yes" }, "geometry": { "type": "Point", "coordinates": [ 19.5605876, 60.2231907 ] } },
{ "type": "Feature", "id": "node/3532894920", "properties": { "@id": "node/3532894920", "bus": "yes", "highway": "bus_stop", "name": "Sandmovägen vsk.", "public_transport": "platform" }, "geometry": { "type": "Point", "coordinates": [ 19.553194, 60.223207 ] } },
{ "type": "Feature", "id": "node/3532894925", "properties": { "@id": "node/3532894925", "bus": "yes", "highway": "bus_stop", "name": "Sandmovägen vsk.", "public_transport": "platform" }, "geometry": { "type": "Point", "coordinates": [ 19.5530155, 60.2233342 ] } },
{ "type": "Feature", "id": "node/3532894927", "properties": { "@id": "node/3532894927", "bench": "yes", "bus": "yes", "highway": "bus_stop", "name": "Ollasgatan vsk.", "public_transport": "platform", "shelter": "yes" }, "geometry": { "type": "Point", "coordinates": [ 19.5695583, 60.2240161 ] } },
{ "type": "Feature", "id": "node/3542698289", "properties": { "@id": "node/3542698289", "bench": "yes", "bus": "yes", "public_transport": "platform", "shelter": "yes" }, "geometry": { "type": "Point", "coordinates": [ 19.9000772, 60.1069811 ] } },
{ "type": "Feature", "id": "node/3542698291", "properties": { "@id": "node/3542698291", "bench": "no", "bin": "no", "bus": "yes", "highway": "bus_stop", "lit": "no", "name": "Kalmsta", "old_name": "Kalmsta vsk", "public_transport": "platform", "ref": "502", "shelter": "no" }, "geometry": { "type": "Point", "coordinates": [ 19.9656951, 60.1161088 ] } },
{ "type": "Feature", "id": "node/3542698292", "properties": { "@id": "node/3542698292", "bench": "no", "bin": "no", "bus": "yes", "highway": "bus_stop", "name": "Kalmsta", "old_name": "Kalmsta vsk", "public_transport": "platform", "ref": "502", "shelter": "no" }, "geometry": { "type": "Point", "coordinates": [ 19.9638036, 60.1161676 ] } },
{ "type": "Feature", "id": "node/3542723767", "properties": { "@id": "node/3542723767", "bus": "yes", "highway": "bus_stop", "public_transport": "platform" }, "geometry": { "type": "Point", "coordinates": [ 19.9710915, 60.1421298 ] } },
{ "type": "Feature", "id": "node/3542723768", "properties": { "@id": "node/3542723768", "bus": "yes", "highway": "bus_stop", "public_transport": "platform" }, "geometry": { "type": "Point", "coordinates": [ 19.9712449, 60.1421581 ] } },
{ "type": "Feature", "id": "node/3544052817", "properties": { "@id": "node/3544052817", "bench": "no", "bus": "yes", "highway": "bus_stop", "public_transport": "platform", "shelter": "no" }, "geometry": { "type": "Point", "coordinates": [ 19.9330784, 60.1283654 ] } },
{ "type": "Feature", "id": "node/3548475608", "properties": { "@id": "node/3548475608", "bench": "no", "highway": "bus_stop", "name": "Granö", "old_name": "Granö vsk.", "public_transport": "platform", "ref": "809", "shelter": "no" }, "geometry": { "type": "Point", "coordinates": [ 19.9903797, 60.0251337 ] } },
{ "type": "Feature", "id": "node/3548475611", "properties": { "@id": "node/3548475611", "bench": "no", "highway": "bus_stop", "name": "Granö", "old_name": "Granö vsk.", "public_transport": "platform", "ref": "809", "shelter": "no" }, "geometry": { "type": "Point", "coordinates": [ 19.9900173, 60.0256009 ] } },
{ "type": "Feature", "id": "node/3558542988", "properties": { "@id": "node/3558542988", "bench": "no", "bin": "no", "bus": "yes", "highway": "bus_stop", "name": "Norrböle", "note": "no sign", "public_transport": "platform", "ref": "202", "shelter": "no" }, "geometry": { "type": "Point", "coordinates": [ 19.94332, 60.1257365 ] } },
{ "type": "Feature", "id": "node/3558542989", "properties": { "@id": "node/3558542989", "bench": "no", "bin": "no", "bus": "yes", "highway": "bus_stop", "name": "Bo-Bil", "public_transport": "platform", "shelter": "no" }, "geometry": { "type": "Point", "coordinates": [ 19.9424106, 60.1278028 ] } },
{ "type": "Feature", "id": "node/3558542991", "properties": { "@id": "node/3558542991", "bus": "yes", "highway": "bus_stop", "name": "Björkslingan", "public_transport": "platform", "ref": "206 1", "shelter": "no" }, "geometry": { "type": "Point", "coordinates": [ 19.9504971, 60.1864363 ] } },
{ "type": "Feature", "id": "node/3558545717", "properties": { "@id": "node/3558545717", "bus": "yes", "highway": "bus_stop", "name": "Gölby", "public_transport": "platform", "ref": "206 2" }, "geometry": { "type": "Point", "coordinates": [ 19.9461165, 60.1941079 ] } },
{ "type": "Feature", "id": "node/3558545728", "properties": { "@id": "node/3558545728", "bench": "no", "bin": "no", "bus": "yes", "highway": "bus_stop", "lit": "no", "name": "Gölby", "public_transport": "platform", "ref": "206 2", "shelter": "no" }, "geometry": { "type": "Point", "coordinates": [ 19.946869, 60.1951408 ] } },
{ "type": "Feature", "id": "node/3607189831", "properties": { "@id": "node/3607189831", "bench": "yes", "bus": "yes", "highway": "bus_stop", "public_transport": "platform", "ref": "422 2", "shelter": "yes" }, "geometry": { "type": "Point", "coordinates": [ 20.3756182, 60.2445302 ] } },
{ "type": "Feature", "id": "node/3659624639", "properties": { "@id": "node/3659624639", "bench": "yes", "bus": "yes", "direction": "176", "highway": "bus_stop", "name": "Sandö", "name:fi": "Sandö", "name:sv": "Sandö", "note": "LISATIEDOT:kur", "public_transport": "platform", "ref": "4243", "ref:findr": "307945", "shelter": "yes", "source": "Digiroad.fi" }, "geometry": { "type": "Point", "coordinates": [ 20.3898023, 60.2750368 ] } },
{ "type": "Feature", "id": "node/3659624640", "properties": { "@id": "node/3659624640", "bench": "no", "bus": "yes", "direction": "357", "fixme": "Position_estimated", "highway": "bus_stop", "name": "Sandö", "name:sv": "Sandö", "public_transport": "platform", "ref": "4243", "ref:findr": "307943", "shelter": "no", "source": "Digiroad.fi" }, "geometry": { "type": "Point", "coordinates": [ 20.390015, 60.2751544 ] } },
{ "type": "Feature", "id": "node/3667577660", "properties": { "@id": "node/3667577660", "fixme": "resurvey ref", "highway": "bus_stop", "name": "Smedsböle vsk.", "public_transport": "platform", "ref": "415 2", "survey:date:ref": "2012-07" }, "geometry": { "type": "Point", "coordinates": [ 20.15966, 60.2236452 ] } },
{ "type": "Feature", "id": "node/5791325669", "properties": { "@id": "node/5791325669", "bench": "no", "bin": "no", "highway": "bus_stop", "public_transport": "platform", "shelter": "no" }, "geometry": { "type": "Point", "coordinates": [ 20.2738409, 60.1095684 ] } },
{ "type": "Feature", "id": "node/5791325671", "properties": { "@id": "node/5791325671", "bench": "no", "bin": "no", "highway": "bus_stop", "public_transport": "platform", "shelter": "no" }, "geometry": { "type": "Point", "coordinates": [ 20.2720901, 60.1088703 ] } },
{ "type": "Feature", "id": "node/5791325673", "properties": { "@id": "node/5791325673", "bench": "no", "bin": "no", "highway": "bus_stop", "public_transport": "platform", "ref": "514", "shelter": "no" }, "geometry": { "type": "Point", "coordinates": [ 20.2623631, 60.0962215 ] } },
{ "type": "Feature", "id": "node/5791325675", "properties": { "@id": "node/5791325675", "bench": "no", "bin": "no", "highway": "bus_stop", "public_transport": "platform", "ref": "514", "shelter": "no" }, "geometry": { "type": "Point", "coordinates": [ 20.2612124, 60.0954459 ] } },
{ "type": "Feature", "id": "node/5791325677", "properties": { "@id": "node/5791325677", "bench": "no", "bin": "no", "fixme": "resurvey ref, namn", "highway": "bus_stop", "public_transport": "platform", "shelter": "no" }, "geometry": { "type": "Point", "coordinates": [ 20.2601094, 60.0926988 ] } },
{ "type": "Feature", "id": "node/5791325679", "properties": { "@id": "node/5791325679", "bench": "yes", "bin": "no", "fixme": "resurvey ref, namn", "highway": "bus_stop", "public_transport": "platform", "shelter": "yes" }, "geometry": { "type": "Point", "coordinates": [ 20.2597439, 60.092342 ] } },
{ "type": "Feature", "id": "node/5791325737", "properties": { "@id": "node/5791325737", "bus": "yes", "fixme": "resurvey ref", "highway": "bus_stop", "name": "Svinö stugby", "public_transport": "platform", "ref": "524", "ref:findr": "308056" }, "geometry": { "type": "Point", "coordinates": [ 20.2613077, 60.0824207 ] } },
{ "type": "Feature", "id": "node/5791325739", "properties": { "@id": "node/5791325739", "bus": "yes", "fixme": "resurvey ref", "highway": "bus_stop", "name": "Svinö stugby", "public_transport": "platform", "ref": "524", "ref:findr": "308050" }, "geometry": { "type": "Point", "coordinates": [ 20.2612124, 60.0821397 ] } },
{ "type": "Feature", "id": "node/5791325741", "properties": { "@id": "node/5791325741", "bus": "yes", "fixme": "resurvey ref", "highway": "bus_stop", "name": "Hamngatan vsk.", "public_transport": "platform", "ref": "524", "ref:findr": "308051" }, "geometry": { "type": "Point", "coordinates": [ 20.2621391, 60.0789818 ] } },
{ "type": "Feature", "id": "node/5791325743", "properties": { "@id": "node/5791325743", "bus": "yes", "fixme": "resurvey ref", "highway": "bus_stop", "name": "Hamngatan vsk.", "public_transport": "platform", "ref": "524", "ref:findr": "308055" }, "geometry": { "type": "Point", "coordinates": [ 20.2622022, 60.0786118 ] } },
{ "type": "Feature", "id": "node/5791325745", "properties": { "@id": "node/5791325745", "bus": "yes", "fixme": "resurvey ref", "highway": "bus_stop", "name": "Södra Svinövägen vsk.", "public_transport": "platform", "ref": "524", "ref:findr": "308054" }, "geometry": { "type": "Point", "coordinates": [ 20.2605285, 60.0759566 ] } },
{ "type": "Feature", "id": "node/5791325747", "properties": { "@id": "node/5791325747", "bus": "yes", "fixme": "resurvey ref", "highway": "bus_stop", "name": "Södra Svinövägen vsk.", "public_transport": "platform", "ref": "524", "ref:findr": "308052" }, "geometry": { "type": "Point", "coordinates": [ 20.260157, 60.0758743 ] } },
{ "type": "Feature", "id": "node/5791325749", "properties": { "@id": "node/5791325749", "bench": "no", "bin": "no", "fixme": "resurvey ref, resurvey position", "highway": "bus_stop", "public_transport": "platform", "ref": "524", "shelter": "no" }, "geometry": { "type": "Point", "coordinates": [ 20.2669778, 60.0667909 ] } },
{ "type": "Feature", "id": "node/5791325751", "properties": { "@id": "node/5791325751", "bus": "yes", "fixme": "resurvey ref", "highway": "bus_stop", "name": "Svinövägen vsk.", "public_transport": "platform", "ref": "513", "ref:findr": "308000" }, "geometry": { "type": "Point", "coordinates": [ 20.2563067, 60.0854017 ] } },
{ "type": "Feature", "id": "node/5791326254", "properties": { "@id": "node/5791326254", "bus": "yes", "fixme": "resurvey ref", "highway": "bus_stop", "name": "Svinövägen vsk.", "public_transport": "platform", "ref": "513", "ref:findr": "308008" }, "geometry": { "type": "Point", "coordinates": [ 20.2560881, 60.0855161 ] } },
{ "type": "Feature", "id": "node/5791326256", "properties": { "@id": "node/5791326256", "fixme": "resurvey ref", "highway": "bus_stop", "public_transport": "platform", "ref": "512" }, "geometry": { "type": "Point", "coordinates": [ 20.2384452, 60.0846543 ] } },
{ "type": "Feature", "id": "node/5791326258", "properties": { "@id": "node/5791326258", "fixme": "resurvey ref", "highway": "bus_stop", "public_transport": "platform", "ref": "512" }, "geometry": { "type": "Point", "coordinates": [ 20.2377612, 60.0846985 ] } },
{ "type": "Feature", "id": "node/5791326261", "properties": { "@id": "node/5791326261", "bench": "no", "bin": "no", "highway": "bus_stop", "public_transport": "platform", "ref": "512", "shelter": "no" }, "geometry": { "type": "Point", "coordinates": [ 20.2267353, 60.0801464 ] } },
{ "type": "Feature", "id": "node/5791326263", "properties": { "@id": "node/5791326263", "bench": "no", "bin": "no", "highway": "bus_stop", "public_transport": "platform", "ref": "512", "shelter": "no" }, "geometry": { "type": "Point", "coordinates": [ 20.2268366, 60.0799705 ] } },
{ "type": "Feature", "id": "node/5791326265", "properties": { "@id": "node/5791326265", "highway": "bus_stop", "public_transport": "platform", "ref": "512" }, "geometry": { "type": "Point", "coordinates": [ 20.2172302, 60.0793427 ] } },
{ "type": "Feature", "id": "node/5791326267", "properties": { "@id": "node/5791326267", "highway": "bus_stop", "public_transport": "platform", "ref": "512" }, "geometry": { "type": "Point", "coordinates": [ 20.2156068, 60.0791711 ] } },
{ "type": "Feature", "id": "node/5791326280", "properties": { "@id": "node/5791326280", "fixme": "resurvey ref", "highway": "bus_stop", "public_transport": "platform", "ref": "511" }, "geometry": { "type": "Point", "coordinates": [ 20.1972015, 60.0766564 ] } },
{ "type": "Feature", "id": "node/5791326282", "properties": { "@id": "node/5791326282", "fixme": "resurvey ref", "highway": "bus_stop", "public_transport": "platform", "ref": "511" }, "geometry": { "type": "Point", "coordinates": [ 20.1979136, 60.0765393 ] } },
{ "type": "Feature", "id": "node/5791326287", "properties": { "@id": "node/5791326287", "bench": "no", "bin": "no", "fixme": "resurvey ref", "highway": "bus_stop", "public_transport": "platform", "ref": "511", "shelter": "no" }, "geometry": { "type": "Point", "coordinates": [ 20.1749673, 60.0750836 ] } },
{ "type": "Feature", "id": "node/5791326289", "properties": { "@id": "node/5791326289", "bench": "no", "bin": "no", "fixme": "resurvey ref", "highway": "bus_stop", "public_transport": "platform", "ref": "511", "shelter": "no" }, "geometry": { "type": "Point", "coordinates": [ 20.1733312, 60.0750729 ] } },
{ "type": "Feature", "id": "node/5791326292", "properties": { "@id": "node/5791326292", "bench": "yes", "bin": "no", "fixme": "resurvey ref", "highway": "bus_stop", "public_transport": "platform", "ref": "511", "shelter": "yes" }, "geometry": { "type": "Point", "coordinates": [ 20.187276, 60.0758844 ] } },
{ "type": "Feature", "id": "node/5791326294", "properties": { "@id": "node/5791326294", "bench": "no", "bin": "no", "fixme": "resurvey ref", "highway": "bus_stop", "public_transport": "platform", "ref": "511", "shelter": "no" }, "geometry": { "type": "Point", "coordinates": [ 20.1865719, 60.0757124 ] } },
{ "type": "Feature", "id": "node/5791326320", "properties": { "@id": "node/5791326320", "bench": "no", "bin": "no", "fixme": "resurvey ref", "highway": "bus_stop", "public_transport": "platform", "ref": "511", "shelter": "no" }, "geometry": { "type": "Point", "coordinates": [ 20.1654187, 60.0739174 ] } },
{ "type": "Feature", "id": "node/5791326321", "properties": { "@id": "node/5791326321", "bench": "no", "bin": "no", "fixme": "resurvey ref", "highway": "bus_stop", "public_transport": "platform", "ref": "511", "shelter": "no" }, "geometry": { "type": "Point", "coordinates": [ 20.1648353, 60.0739883 ] } },
{ "type": "Feature", "id": "node/5791326324", "properties": { "@id": "node/5791326324", "bench": "no", "bin": "no", "fixme": "resurvey ref", "highway": "bus_stop", "lit": "no", "name": "Mönbackavägen vägskäl", "public_transport": "platform", "ref": "510", "shelter": "no" }, "geometry": { "type": "Point", "coordinates": [ 20.1563743, 60.0736672 ] } },
{ "type": "Feature", "id": "node/5791326327", "properties": { "@id": "node/5791326327", "bench": "no", "bin": "no", "fixme": "resurvey ref", "highway": "bus_stop", "lit": "no", "name": "Mönbackavägen vägskäl", "public_transport": "platform", "ref": "510", "shelter": "no" }, "geometry": { "type": "Point", "coordinates": [ 20.158453, 60.0734691 ] } },
{ "type": "Feature", "id": "node/5791326330", "properties": { "@id": "node/5791326330", "fixme": "resurvey ref", "highway": "bus_stop", "public_transport": "platform", "ref": "509" }, "geometry": { "type": "Point", "coordinates": [ 20.1366507, 60.0738258 ] } },
{ "type": "Feature", "id": "node/5791326332", "properties": { "@id": "node/5791326332", "fixme": "resurvey ref", "highway": "bus_stop", "public_transport": "platform", "ref": "509" }, "geometry": { "type": "Point", "coordinates": [ 20.1375961, 60.0737314 ] } },
{ "type": "Feature", "id": "node/5791326665", "properties": { "@id": "node/5791326665", "bus": "yes", "highway": "bus_stop", "name": "Valborg", "public_transport": "platform", "ref": "508" }, "geometry": { "type": "Point", "coordinates": [ 20.0982749, 60.0664841 ] } },
{ "type": "Feature", "id": "node/5791326668", "properties": { "@id": "node/5791326668", "bench": "no", "bin": "no", "bus": "yes", "highway": "bus_stop", "name": "Bengtsböle", "public_transport": "platform", "ref": "509 1", "shelter": "no" }, "geometry": { "type": "Point", "coordinates": [ 20.1133577, 60.0690146 ] } },
{ "type": "Feature", "id": "node/5791326672", "properties": { "@id": "node/5791326672", "bench": "no", "bus": "yes", "fixme": "resurvey ref", "highway": "bus_stop", "name": "Bistoprsvägen vsk", "public_transport": "platform", "ref": "508", "shelter": "no" }, "geometry": { "type": "Point", "coordinates": [ 20.1232463, 60.0712016 ] } },
{ "type": "Feature", "id": "node/5791326673", "properties": { "@id": "node/5791326673", "bench": "yes", "bus": "yes", "fixme": "resurvey ref", "highway": "bus_stop", "name": "Bistoprsvägen vsk", "public_transport": "platform", "ref": "508", "shelter": "yes" }, "geometry": { "type": "Point", "coordinates": [ 20.1219696, 60.0709862 ] } },
{ "type": "Feature", "id": "node/5791326677", "properties": { "@id": "node/5791326677", "fixme": "resurvey ref", "highway": "bus_stop", "public_transport": "platform", "ref": "509" }, "geometry": { "type": "Point", "coordinates": [ 20.1321191, 60.0733333 ] } },
{ "type": "Feature", "id": "node/5791326678", "properties": { "@id": "node/5791326678", "fixme": "resurvey ref", "highway": "bus_stop", "public_transport": "platform", "ref": "509" }, "geometry": { "type": "Point", "coordinates": [ 20.1315545, 60.0730951 ] } },
{ "type": "Feature", "id": "node/5791326680", "properties": { "@id": "node/5791326680", "bench": "no", "bin": "no", "bus": "yes", "fixme": "resurvey ref", "highway": "bus_stop", "lit": "yes", "name": "Prästgården", "public_transport": "platform", "ref": "508", "shelter": "no" }, "geometry": { "type": "Point", "coordinates": [ 20.1027965, 60.0688791 ] } },
{ "type": "Feature", "id": "node/5791326682", "properties": { "@id": "node/5791326682", "bench": "yes", "bin": "no", "bus": "yes", "fixme": "resurvey ref", "highway": "bus_stop", "lit": "yes", "name": "Prästgården", "public_transport": "platform", "ref": "508", "shelter": "yes" }, "geometry": { "type": "Point", "coordinates": [ 20.1007332, 60.0691347 ] } },
{ "type": "Feature", "id": "node/5791326689", "properties": { "@id": "node/5791326689", "bench": "no", "bin": "no", "highway": "bus_stop", "lit": "yes", "name": "Söderby Livs", "public_transport": "platform", "ref": "508 3", "shelter": "no" }, "geometry": { "type": "Point", "coordinates": [ 20.0885887, 60.0690575 ] } },
{ "type": "Feature", "id": "node/5791326691", "properties": { "@id": "node/5791326691", "bench": "no", "bin": "no", "highway": "bus_stop", "lit": "yes", "name": "Söderby Livs", "public_transport": "platform", "ref": "508 3", "shelter": "no" }, "geometry": { "type": "Point", "coordinates": [ 20.0847244, 60.0687921 ] } },
{ "type": "Feature", "id": "node/5791326705", "properties": { "@id": "node/5791326705", "bench": "no", "highway": "bus_stop", "name": "Lemlands kyrka", "public_transport": "platform", "ref": "508 2", "shelter": "no" }, "geometry": { "type": "Point", "coordinates": [ 20.0840217, 60.0716466 ] } },
{ "type": "Feature", "id": "node/5791326707", "properties": { "@id": "node/5791326707", "bench": "yes", "highway": "bus_stop", "name": "Lemlands kyrka", "public_transport": "platform", "ref": "508 2", "shelter": "yes" }, "geometry": { "type": "Point", "coordinates": [ 20.0842624, 60.0717687 ] } },
{ "type": "Feature", "id": "node/5791326709", "properties": { "@id": "node/5791326709", "highway": "bus_stop", "public_transport": "platform", "ref": "508 1" }, "geometry": { "type": "Point", "coordinates": [ 20.0733089, 60.0703063 ] } },
{ "type": "Feature", "id": "node/5791326710", "properties": { "@id": "node/5791326710", "highway": "bus_stop", "public_transport": "platform", "ref": "508 1" }, "geometry": { "type": "Point", "coordinates": [ 20.0729616, 60.0703666 ] } },
{ "type": "Feature", "id": "node/5791326713", "properties": { "@id": "node/5791326713", "bench": "yes", "bin": "no", "highway": "bus_stop", "lit": "yes", "name": "Mellanvik", "public_transport": "platform", "ref": "507 2", "shelter": "yes" }, "geometry": { "type": "Point", "coordinates": [ 20.0687318, 60.0660183 ] } },
{ "type": "Feature", "id": "node/5791326718", "properties": { "@id": "node/5791326718", "bench": "no", "bin": "no", "highway": "bus_stop", "lit": "no", "name": "Knutsbodavägen vsk.", "public_transport": "platform", "ref": "506 3", "shelter": "no" }, "geometry": { "type": "Point", "coordinates": [ 20.0345658, 60.0675755 ] } },
{ "type": "Feature", "id": "node/5791326725", "properties": { "@id": "node/5791326725", "bench": "no", "bin": "no", "highway": "bus_stop", "lit": "no", "name": "Högbergsvägen vsk", "public_transport": "platform", "ref": "506 1", "shelter": "no" }, "geometry": { "type": "Point", "coordinates": [ 20.0304767, 60.0760764 ] } },
{ "type": "Feature", "id": "node/5791326730", "properties": { "@id": "node/5791326730", "bench": "no", "bin": "no", "highway": "bus_stop", "lit": "no", "name": "Björkuddsvägen vsk.", "public_transport": "platform", "ref": "505 1", "shelter": "yes" }, "geometry": { "type": "Point", "coordinates": [ 20.0203031, 60.0938859 ] } },
{ "type": "Feature", "id": "node/5791326733", "properties": { "@id": "node/5791326733", "bench": "no", "bin": "no", "highway": "bus_stop", "lit": "no", "name": "Lemströms kanal", "public_transport": "platform", "ref": "504 4", "shelter": "no" }, "geometry": { "type": "Point", "coordinates": [ 20.0145914, 60.0988022 ] } },
{ "type": "Feature", "id": "node/5791326734", "properties": { "@id": "node/5791326734", "bench": "no", "bin": "no", "highway": "bus_stop", "lit": "yes", "name": "Önningeby vsk", "public_transport": "platform", "ref": "504 1", "shelter": "no" }, "geometry": { "type": "Point", "coordinates": [ 20.0058608, 60.1108198 ] } },
{ "type": "Feature", "id": "node/5791326738", "properties": { "@id": "node/5791326738", "bench": "no", "bin": "no", "highway": "bus_stop", "lit": "no", "name": "Söderhägnan", "public_transport": "platform", "ref": "504 3", "shelter": "no" }, "geometry": { "type": "Point", "coordinates": [ 20.0131765, 60.1060585 ] } },
{ "type": "Feature", "id": "node/5793478058", "properties": { "@id": "node/5793478058", "bus": "yes", "fixme": "resurvey ref, resurvey position", "highway": "bus_stop", "name": "Långnäs färjfäste", "public_transport": "platform", "ref": "516", "ref:findr": "332847" }, "geometry": { "type": "Point", "coordinates": [ 20.2963594, 60.1176385 ] } },
{ "type": "Feature", "id": "node/5793478060", "properties": { "@id": "node/5793478060", "fixme": "resurvey ref, name, resurvey position", "highway": "bus_stop", "public_transport": "platform", "ref": "517" }, "geometry": { "type": "Point", "coordinates": [ 20.2617556, 60.1235552 ] } },
{ "type": "Feature", "id": "node/5793478066", "properties": { "@id": "node/5793478066", "bench": "no", "bin": "no", "fixme": "resurvey ref, resurvey position", "highway": "bus_stop", "lit": "no", "name": "Kvarnlyckevägen vsk.", "public_transport": "platform", "ref": "508", "shelter": "no" }, "geometry": { "type": "Point", "coordinates": [ 20.0936173, 60.0712966 ] } },
{ "type": "Feature", "id": "node/5793478068", "properties": { "@id": "node/5793478068", "bench": "no", "bin": "no", "fixme": "resurvey ref, resurvey position", "highway": "bus_stop", "lit": "no", "name": "Kvarnlyckevägen vsk.", "public_transport": "platform", "ref": "508", "shelter": "no" }, "geometry": { "type": "Point", "coordinates": [ 20.0933062, 60.0715442 ] } },
{ "type": "Feature", "id": "node/5797328514", "properties": { "@id": "node/5797328514", "bus": "yes", "highway": "bus_stop", "name": "Fjärilsgatan vsk.", "public_transport": "platform", "ref": "117" }, "geometry": { "type": "Point", "coordinates": [ 19.5646521, 60.2200717 ] } },
{ "type": "Feature", "id": "node/5797328515", "properties": { "@id": "node/5797328515", "bus": "yes", "highway": "bus_stop", "name": "Fjärilsgatan vsk.", "public_transport": "platform", "ref": "117" }, "geometry": { "type": "Point", "coordinates": [ 19.5648292, 60.2199791 ] } },
{ "type": "Feature", "id": "node/5797328516", "properties": { "@id": "node/5797328516", "bus": "yes", "highway": "bus_stop", "name": "Södergatan vsk.", "public_transport": "platform", "ref": "117" }, "geometry": { "type": "Point", "coordinates": [ 19.564463, 60.2156412 ] } },
{ "type": "Feature", "id": "node/5797328517", "properties": { "@id": "node/5797328517", "bus": "yes", "highway": "bus_stop", "name": "Södergatan vsk.", "public_transport": "platform", "ref": "117" }, "geometry": { "type": "Point", "coordinates": [ 19.5643397, 60.2148611 ] } },
{ "type": "Feature", "id": "node/5797328518", "properties": { "@id": "node/5797328518", "highway": "bus_stop" }, "geometry": { "type": "Point", "coordinates": [ 19.577103, 60.1903341 ] } },
{ "type": "Feature", "id": "node/5797328519", "properties": { "@id": "node/5797328519", "highway": "bus_stop" }, "geometry": { "type": "Point", "coordinates": [ 19.5786184, 60.1897827 ] } },
{ "type": "Feature", "id": "node/5797328520", "properties": { "@id": "node/5797328520", "highway": "bus_stop" }, "geometry": { "type": "Point", "coordinates": [ 19.5882556, 60.1874532 ] } },
{ "type": "Feature", "id": "node/5797328521", "properties": { "@id": "node/5797328521", "highway": "bus_stop" }, "geometry": { "type": "Point", "coordinates": [ 19.5873329, 60.1878826 ] } },
{ "type": "Feature", "id": "node/5799212495", "properties": { "@id": "node/5799212495", "bus": "yes", "highway": "bus_stop", "name": "Källarvägen vsk.", "public_transport": "platform", "ref": "102" }, "geometry": { "type": "Point", "coordinates": [ 19.9156246, 60.1305015 ] } },
{ "type": "Feature", "id": "node/5799212497", "properties": { "@id": "node/5799212497", "bus": "yes", "highway": "bus_stop", "name": "Posten", "public_transport": "platform", "ref": "102", "shelter": "yes" }, "geometry": { "type": "Point", "coordinates": [ 19.9174346, 60.1222289 ] } },
{ "type": "Feature", "id": "node/5799212498", "properties": { "@id": "node/5799212498", "bus": "yes", "highway": "bus_stop", "name": "Flygfältet", "public_transport": "platform", "ref": "102" }, "geometry": { "type": "Point", "coordinates": [ 19.9076041, 60.1246184 ] } },
{ "type": "Feature", "id": "node/5799427216", "properties": { "@id": "node/5799427216", "bench": "no", "bin": "no", "bus": "yes", "highway": "bus_stop", "name": "Vikingahallen", "public_transport": "platform", "ref": "204", "shelter": "no" }, "geometry": { "type": "Point", "coordinates": [ 19.9496504, 60.1479269 ] } },
{ "type": "Feature", "id": "node/5799427218", "properties": { "@id": "node/5799427218", "highway": "bus_stop", "name": "Dalkarbyvägen", "public_transport": "platform", "ref": "203 1" }, "geometry": { "type": "Point", "coordinates": [ 19.9392964, 60.1363064 ] } },
{ "type": "Feature", "id": "node/5799427229", "properties": { "@id": "node/5799427229", "bus": "yes", "highway": "bus_stop", "name": "Norrböle", "public_transport": "platform", "ref": "202" }, "geometry": { "type": "Point", "coordinates": [ 19.9429978, 60.1250636 ] } },
{ "type": "Feature", "id": "node/5799978430", "properties": { "@id": "node/5799978430", "highway": "bus_stop", "name": "Ämnäs viken", "public_transport": "platform", "ref": "207" }, "geometry": { "type": "Point", "coordinates": [ 19.9595176, 60.2049533 ] } },
{ "type": "Feature", "id": "node/5799978432", "properties": { "@id": "node/5799978432", "highway": "bus_stop", "name": "Ämnäs viken", "public_transport": "platform", "ref": "207" }, "geometry": { "type": "Point", "coordinates": [ 19.9593861, 60.2046988 ] } },
{ "type": "Feature", "id": "node/5799978434", "properties": { "@id": "node/5799978434", "bench": "no", "bin": "no", "bus": "yes", "highway": "bus_stop", "lit": "no", "name": "Brobacka vsk.", "public_transport": "platform", "ref": "207", "ref:findr": "307850", "shelter": "no" }, "geometry": { "type": "Point", "coordinates": [ 19.9563566, 60.2006342 ] } },
{ "type": "Feature", "id": "node/5799978436", "properties": { "@id": "node/5799978436", "bench": "no", "bin": "no", "bus": "yes", "highway": "bus_stop", "lit": "no", "name": "Brobacka vsk.", "public_transport": "platform", "ref": "207", "ref:findr": "307859", "shelter": "no" }, "geometry": { "type": "Point", "coordinates": [ 19.9565148, 60.2009481 ] } },
{ "type": "Feature", "id": "node/5799978445", "properties": { "@id": "node/5799978445", "highway": "bus_stop", "name": "Gölby norra", "public_transport": "platform", "ref": "206" }, "geometry": { "type": "Point", "coordinates": [ 19.9500588, 60.1973489 ] } },
{ "type": "Feature", "id": "node/5799978655", "properties": { "@id": "node/5799978655", "bench": "no", "bin": "no", "highway": "bus_stop", "lit": "no", "name": "Gölby norra", "public_transport": "platform", "ref": "206", "shelter": "no" }, "geometry": { "type": "Point", "coordinates": [ 19.9503069, 60.1973742 ] } },
{ "type": "Feature", "id": "node/5799978711", "properties": { "@id": "node/5799978711", "highway": "bus_stop", "name": "Ämnäs", "public_transport": "platform", "ref": "208" }, "geometry": { "type": "Point", "coordinates": [ 19.9629977, 60.2091807 ] } },
{ "type": "Feature", "id": "node/5799978714", "properties": { "@id": "node/5799978714", "bench": "no", "bin": "no", "highway": "bus_stop", "name": "Ämnäs", "public_transport": "platform", "ref": "208", "shelter": "no" }, "geometry": { "type": "Point", "coordinates": [ 19.9635838, 60.209248 ] } },
{ "type": "Feature", "id": "node/5799978715", "properties": { "@id": "node/5799978715", "bench": "yes", "bin": "no", "highway": "bus_stop", "name": "Ämnäsgatan", "public_transport": "platform", "ref": "208", "shelter": "yes" }, "geometry": { "type": "Point", "coordinates": [ 19.9734084, 60.2114157 ] } },
{ "type": "Feature", "id": "node/5799978718", "properties": { "@id": "node/5799978718", "bench": "no", "bin": "no", "highway": "bus_stop", "lit": "no", "name": "Ämnäsgatan", "public_transport": "platform", "ref": "208", "shelter": "no" }, "geometry": { "type": "Point", "coordinates": [ 19.9729742, 60.2114439 ] } },
{ "type": "Feature", "id": "node/5799978720", "properties": { "@id": "node/5799978720", "bench": "no", "fixme": "resurvey ref, resurvey position", "highway": "bus_stop", "name": "Björkängsvägen vsk.", "public_transport": "platform", "ref": "208", "shelter": "no" }, "geometry": { "type": "Point", "coordinates": [ 19.9783239, 60.2144001 ] } },
{ "type": "Feature", "id": "node/5799978722", "properties": { "@id": "node/5799978722", "fixme": "resurvey ref, resurvey position", "highway": "bus_stop", "name": "Björkängsvägen vsk.", "public_transport": "platform", "ref": "208", "shelter": "yes" }, "geometry": { "type": "Point", "coordinates": [ 19.9783735, 60.2148101 ] } },
{ "type": "Feature", "id": "node/5799978724", "properties": { "@id": "node/5799978724", "bench": "no", "bin": "no", "fixme": "resurvey ref", "highway": "bus_stop", "lit": "yes", "name": "Godbyvägen 1285", "public_transport": "platform", "ref": "209", "shelter": "no" }, "geometry": { "type": "Point", "coordinates": [ 19.979557, 60.2180976 ] } },
{ "type": "Feature", "id": "node/5799978726", "properties": { "@id": "node/5799978726", "bench": "no", "bin": "no", "check_date:shelter": "2026-04-06", "fixme": "resurvey ref", "highway": "bus_stop", "lit": "yes", "name": "Godbyvägen 1285", "public_transport": "platform", "ref": "209", "shelter": "no" }, "geometry": { "type": "Point", "coordinates": [ 19.9798138, 60.2182166 ] } },
{ "type": "Feature", "id": "node/5799978730", "properties": { "@id": "node/5799978730", "check_date:shelter": "2026-04-06", "fixme": "resurvey ref", "highway": "bus_stop", "name": "Godbyhallen vsk.", "public_transport": "platform", "ref": "209", "shelter": "yes" }, "geometry": { "type": "Point", "coordinates": [ 19.981334, 60.2235198 ] } },
{ "type": "Feature", "id": "node/5799978732", "properties": { "@id": "node/5799978732", "fixme": "resurvey ref, resurvey position", "highway": "bus_stop", "name": "4H-gården", "public_transport": "platform", "ref": "176" }, "geometry": { "type": "Point", "coordinates": [ 19.9821977, 60.1797553 ] } },
{ "type": "Feature", "id": "node/5799978733", "properties": { "@id": "node/5799978733", "fixme": "resurvey ref, resurvey position", "highway": "bus_stop", "name": "4H-gården", "public_transport": "platform", "ref": "176" }, "geometry": { "type": "Point", "coordinates": [ 19.9820173, 60.179702 ] } },
{ "type": "Feature", "id": "node/5799978749", "properties": { "@id": "node/5799978749", "bench": "no", "bin": "no", "fixme": "resurvey ref, resurvey position", "highway": "bus_stop", "lit": "no", "name": "Jomalaby", "public_transport": "platform", "ref": "176", "shelter": "no" }, "geometry": { "type": "Point", "coordinates": [ 19.9798018, 60.1751567 ] } },
{ "type": "Feature", "id": "node/5799978752", "properties": { "@id": "node/5799978752", "fixme": "resurvey ref, resurvey position", "highway": "bus_stop", "name": "Jomalaby", "public_transport": "platform", "ref": "176" }, "geometry": { "type": "Point", "coordinates": [ 19.9798353, 60.1752761 ] } },
{ "type": "Feature", "id": "node/5809719164", "properties": { "@id": "node/5809719164", "highway": "bus_stop", "name": "Pålsböle daghem", "public_transport": "platform", "ref": "212" }, "geometry": { "type": "Point", "coordinates": [ 19.9343142, 60.2712504 ] } },
{ "type": "Feature", "id": "node/5809719166", "properties": { "@id": "node/5809719166", "highway": "bus_stop", "name": "Ollas", "public_transport": "platform", "ref": "212" }, "geometry": { "type": "Point", "coordinates": [ 19.9446092, 60.2748195 ] } },
{ "type": "Feature", "id": "node/5809719169", "properties": { "@id": "node/5809719169", "highway": "bus_stop", "name": "Ollas", "public_transport": "platform", "ref": "212" }, "geometry": { "type": "Point", "coordinates": [ 19.9458933, 60.2750402 ] } },
{ "type": "Feature", "id": "node/5809719170", "properties": { "@id": "node/5809719170", "highway": "bus_stop", "name": "Pålsböle daghem", "public_transport": "platform", "ref": "212" }, "geometry": { "type": "Point", "coordinates": [ 19.9342002, 60.2710056 ] } },
{ "type": "Feature", "id": "node/5809719173", "properties": { "@id": "node/5809719173", "highway": "bus_stop", "name": "Folkhögskolan", "public_transport": "platform", "ref": "612" }, "geometry": { "type": "Point", "coordinates": [ 19.916794, 60.2593565 ] } },
{ "type": "Feature", "id": "node/5809719174", "properties": { "@id": "node/5809719174", "highway": "bus_stop", "name": "Folkhögskolan", "public_transport": "platform", "ref": "612" }, "geometry": { "type": "Point", "coordinates": [ 19.9160188, 60.2587923 ] } },
{ "type": "Feature", "id": "node/5809719220", "properties": { "@id": "node/5809719220", "highway": "bus_stop", "name": "Pålsböle, Sarlings", "public_transport": "platform", "ref": "211" }, "geometry": { "type": "Point", "coordinates": [ 19.931748, 60.2654087 ] } },
{ "type": "Feature", "id": "node/5809719222", "properties": { "@id": "node/5809719222", "highway": "bus_stop", "name": "Pålsböle, Sarlings", "public_transport": "platform", "ref": "211" }, "geometry": { "type": "Point", "coordinates": [ 19.9318439, 60.2662601 ] } },
{ "type": "Feature", "id": "node/5809719234", "properties": { "@id": "node/5809719234", "highway": "bus_stop", "name": "Kungstensvägen vsk.", "public_transport": "platform", "ref": "211" }, "geometry": { "type": "Point", "coordinates": [ 19.9513596, 60.2548648 ] } },
{ "type": "Feature", "id": "node/5809719235", "properties": { "@id": "node/5809719235", "highway": "bus_stop", "name": "Kungstensvägen vsk.", "public_transport": "platform", "ref": "211" }, "geometry": { "type": "Point", "coordinates": [ 19.9519651, 60.2545997 ] } },
{ "type": "Feature", "id": "node/5809719756", "properties": { "@id": "node/5809719756", "highway": "bus_stop", "name": "Finströms kyrka", "public_transport": "platform", "ref": "211" }, "geometry": { "type": "Point", "coordinates": [ 19.935955, 60.2623701 ] } },
{ "type": "Feature", "id": "node/5809719757", "properties": { "@id": "node/5809719757", "highway": "bus_stop", "name": "Finströms kyrka", "public_transport": "platform", "ref": "211" }, "geometry": { "type": "Point", "coordinates": [ 19.9362534, 60.2621586 ] } },
{ "type": "Feature", "id": "node/5809719760", "properties": { "@id": "node/5809719760", "fixme": "resurvey ref, resurvey position", "highway": "bus_stop", "name": "Kroklund", "public_transport": "platform", "ref": "214 3" }, "geometry": { "type": "Point", "coordinates": [ 19.9672168, 60.3086923 ] } },
{ "type": "Feature", "id": "node/5809719765", "properties": { "@id": "node/5809719765", "highway": "bus_stop", "name": "Mörslättsvägen vsk.", "public_transport": "platform", "ref": "214" }, "geometry": { "type": "Point", "coordinates": [ 19.9675515, 60.3019023 ] } },
{ "type": "Feature", "id": "node/5809719767", "properties": { "@id": "node/5809719767", "highway": "bus_stop", "name": "Mörslättsvägen vsk.", "public_transport": "platform", "ref": "214" }, "geometry": { "type": "Point", "coordinates": [ 19.967298, 60.3020963 ] } },
{ "type": "Feature", "id": "node/5809719771", "properties": { "@id": "node/5809719771", "highway": "bus_stop", "name": "Nabbenvägen vsk.", "public_transport": "platform", "ref": "214" }, "geometry": { "type": "Point", "coordinates": [ 19.9673738, 60.2963768 ] } },
{ "type": "Feature", "id": "node/5809719773", "properties": { "@id": "node/5809719773", "highway": "bus_stop", "name": "Nabbenvägen vsk.", "public_transport": "platform", "ref": "214" }, "geometry": { "type": "Point", "coordinates": [ 19.9669272, 60.2942163 ] } },
{ "type": "Feature", "id": "node/5809719786", "properties": { "@id": "node/5809719786", "highway": "bus_stop", "name": "Bartsgårda", "public_transport": "platform", "ref": "213" }, "geometry": { "type": "Point", "coordinates": [ 19.9565621, 60.2805005 ] } },
{ "type": "Feature", "id": "node/5809719788", "properties": { "@id": "node/5809719788", "highway": "bus_stop", "name": "Bartsgårda", "public_transport": "platform", "ref": "213" }, "geometry": { "type": "Point", "coordinates": [ 19.9583991, 60.2809859 ] } },
{ "type": "Feature", "id": "node/5809719801", "properties": { "@id": "node/5809719801", "bench": "no", "bin": "no", "highway": "bus_stop", "lit": "no", "name": "Västergeta", "public_transport": "platform", "ref": "221 1", "shelter": "no" }, "geometry": { "type": "Point", "coordinates": [ 19.8557188, 60.3767928 ] } },
{ "type": "Feature", "id": "node/5809720235", "properties": { "@id": "node/5809720235", "highway": "bus_stop", "name": "Grelsby vsk.", "public_transport": "platform", "ref": "210", "shelter": "yes" }, "geometry": { "type": "Point", "coordinates": [ 19.9764725, 60.2375548 ] } },
{ "type": "Feature", "id": "node/5809720240", "properties": { "@id": "node/5809720240", "bench": "no", "bin": "no", "highway": "bus_stop", "lit": "yes", "name": "Grelsby vsk.", "public_transport": "platform", "ref": "210", "shelter": "no" }, "geometry": { "type": "Point", "coordinates": [ 19.9757235, 60.2382674 ] } },
{ "type": "Feature", "id": "node/5809720242", "properties": { "@id": "node/5809720242", "bench": "no", "bin": "no", "fixme": "resurvey ref", "highway": "bus_stop", "lit": "no", "name": "Industrivägen vsk.", "public_transport": "platform", "ref": "209", "shelter": "no" }, "geometry": { "type": "Point", "coordinates": [ 19.9810664, 60.2347988 ] } },
{ "type": "Feature", "id": "node/5809720247", "properties": { "@id": "node/5809720247", "bench": "no", "bin": "no", "fixme": "resurvey ref", "highway": "bus_stop", "lit": "yes", "name": "Industrivägen vsk.", "public_transport": "platform", "ref": "209", "shelter": "no" }, "geometry": { "type": "Point", "coordinates": [ 19.9816927, 60.2339599 ] } },
{ "type": "Feature", "id": "node/5809720248", "properties": { "@id": "node/5809720248", "bench": "yes", "bin": "yes", "bus": "yes", "fixme": "resurvey ref, resurvey position", "highway": "bus_stop", "lit": "yes", "name": "Källbo skola", "public_transport": "platform", "ref": "209", "ref:findr": "332724", "shelter": "yes" }, "geometry": { "type": "Point", "coordinates": [ 19.9855273, 60.2287643 ] } },
{ "type": "Feature", "id": "node/5815431939", "properties": { "@id": "node/5815431939", "highway": "bus_stop", "name": "Godby centrum", "public_transport": "platform", "ref": "209 4", "survey:date:ref": "2018-12-20" }, "geometry": { "type": "Point", "coordinates": [ 19.9890601, 60.2306304 ] } },
{ "type": "Feature", "id": "node/5815431942", "properties": { "@id": "node/5815431942", "bench": "no", "bin": "no", "highway": "bus_stop", "lit": "no", "name": "Chipsfabriken", "public_transport": "platform", "ref": "310 4", "shelter": "no", "survey:date:ref": "2012-07" }, "geometry": { "type": "Point", "coordinates": [ 20.0533178, 60.2441308 ] } },
{ "type": "Feature", "id": "node/5816659193", "properties": { "@id": "node/5816659193", "highway": "bus_stop", "name": "Listersby", "public_transport": "platform", "ref": "423 1", "shelter": "no", "survey:date:ref": "2015-08" }, "geometry": { "type": "Point", "coordinates": [ 20.3794523, 60.2305362 ] } },
{ "type": "Feature", "id": "node/5816659231", "properties": { "@id": "node/5816659231", "bench": "yes", "check_date:shelter": "2022-11-03", "highway": "bus_stop", "name": "Listersby", "public_transport": "platform", "ref": "423 1", "shelter": "yes", "survey:date:ref": "2015-08" }, "geometry": { "type": "Point", "coordinates": [ 20.3792725, 60.2307226 ] } },
{ "type": "Feature", "id": "node/5816659975", "properties": { "@id": "node/5816659975", "highway": "bus_stop", "public_transport": "platform" }, "geometry": { "type": "Point", "coordinates": [ 20.3735259, 60.2420498 ] } },
{ "type": "Feature", "id": "node/5816660048", "properties": { "@id": "node/5816660048", "fixme": "resurvey ref", "highway": "bus_stop", "name": "Södra finbygatan vsk.", "public_transport": "platform", "ref": "415 3", "survey:date:ref": "2012-07" }, "geometry": { "type": "Point", "coordinates": [ 20.1783925, 60.2220485 ] } },
{ "type": "Feature", "id": "node/5816660050", "properties": { "@id": "node/5816660050", "fixme": "resurvey ref", "highway": "bus_stop", "name": "Södra finbygatan vsk.", "public_transport": "platform", "ref": "415 3", "survey:date:ref": "2012-07" }, "geometry": { "type": "Point", "coordinates": [ 20.1801366, 60.2214488 ] } },
{ "type": "Feature", "id": "node/5816660051", "properties": { "@id": "node/5816660051", "fixme": "resurvey ref, resurvey position", "highway": "bus_stop", "name": "Bomarsunds gård vsk.", "public_transport": "platform", "ref": "417", "shelter": "no", "survey:date:ref": "2012-07" }, "geometry": { "type": "Point", "coordinates": [ 20.2089912, 60.2148584 ] } },
{ "type": "Feature", "id": "node/5816660052", "properties": { "@id": "node/5816660052", "fixme": "resurvey ref, resurvey position", "highway": "bus_stop", "name": "Bomarsunds gård vsk.", "public_transport": "platform", "ref": "417", "shelter": "no", "survey:date:ref": "2012-07" }, "geometry": { "type": "Point", "coordinates": [ 20.2077708, 60.2152182 ] } },
{ "type": "Feature", "id": "node/5816660159", "properties": { "@id": "node/5816660159", "bench": "yes", "bin": "no", "fixme": "resurvey ref", "highway": "bus_stop", "lit": "no", "name": "Skarpans vsk.", "public_transport": "platform", "ref": "417 1", "shelter": "yes", "survey:date:ref": "2012-07", "tactile_paving": "no" }, "geometry": { "type": "Point", "coordinates": [ 20.2233584, 60.2121623 ] } },
{ "type": "Feature", "id": "node/5816660161", "properties": { "@id": "node/5816660161", "fixme": "resurvey ref", "highway": "bus_stop", "name": "Prästö", "public_transport": "platform", "ref": "418" }, "geometry": { "type": "Point", "coordinates": [ 20.2582593, 60.2069518 ] } },
{ "type": "Feature", "id": "node/5816660163", "properties": { "@id": "node/5816660163", "fixme": "resurvey ref", "highway": "bus_stop", "name": "Prästö", "public_transport": "platform", "ref": "418" }, "geometry": { "type": "Point", "coordinates": [ 20.2577993, 60.2070641 ] } },
{ "type": "Feature", "id": "node/5816660182", "properties": { "@id": "node/5816660182", "bench": "no", "bin": "no", "fixme": "resurvey ref", "highway": "bus_stop", "lit": "no", "name": "Bomarsunds fästning", "public_transport": "platform", "ref": "417", "shelter": "no" }, "geometry": { "type": "Point", "coordinates": [ 20.2406077, 60.2122775 ] } },
{ "type": "Feature", "id": "node/5816660183", "properties": { "@id": "node/5816660183", "fixme": "resurvey ref", "highway": "bus_stop", "name": "Bomarsunds fästning", "public_transport": "platform", "ref": "417" }, "geometry": { "type": "Point", "coordinates": [ 20.2411173, 60.2120796 ] } },
{ "type": "Feature", "id": "node/5816660184", "properties": { "@id": "node/5816660184", "fixme": "resurvey ref", "highway": "bus_stop", "name": "Storängsgatan vsk.", "public_transport": "platform", "ref": "416" }, "geometry": { "type": "Point", "coordinates": [ 20.1885273, 60.2194235 ] } },
{ "type": "Feature", "id": "node/5816660185", "properties": { "@id": "node/5816660185", "fixme": "resurvey ref", "highway": "bus_stop", "name": "Storängsgatan vsk.", "public_transport": "platform", "ref": "416", "shelter": "no" }, "geometry": { "type": "Point", "coordinates": [ 20.1869206, 60.2199484 ] } },
{ "type": "Feature", "id": "node/5872366197", "properties": { "@id": "node/5872366197", "bench": "yes", "bin": "no", "bus": "yes", "highway": "bus_stop", "name": "Simskäla färjfäste", "public_transport": "platform", "ref:findr": "307944", "shelter": "yes" }, "geometry": { "type": "Point", "coordinates": [ 20.372547, 60.3218929 ] } },
{ "type": "Feature", "id": "node/5910714594", "properties": { "@id": "node/5910714594", "highway": "bus_stop", "name": "Espholm (Sleipner) vsk.", "public_transport": "platform", "ref": "805" }, "geometry": { "type": "Point", "coordinates": [ 19.958851, 60.0667176 ] } },
{ "type": "Feature", "id": "node/5915063652", "properties": { "@id": "node/5915063652", "bench": "no", "bin": "no", "fixme": "resurvey position", "highway": "bus_stop", "lit": "yes", "name": "Bergö/Idskärsvägen vsk.", "public_transport": "platform", "ref": "807", "shelter": "no" }, "geometry": { "type": "Point", "coordinates": [ 19.9776909, 60.030478 ] } },
{ "type": "Feature", "id": "node/5919537959", "properties": { "@id": "node/5919537959", "bus": "yes", "fixme": "resurvey position", "highway": "bus_stop", "name": "Laby", "public_transport": "platform", "ref": "325", "ref:findr": "338319" }, "geometry": { "type": "Point", "coordinates": [ 19.996587, 60.3184459 ] } },
{ "type": "Feature", "id": "node/5919537969", "properties": { "@id": "node/5919537969", "highway": "bus_stop", "name": "Kvarnbo", "public_transport": "platform", "ref": "312", "shelter": "yes" }, "geometry": { "type": "Point", "coordinates": [ 20.0614127, 60.2747207 ] } },
{ "type": "Feature", "id": "node/5919538307", "properties": { "@id": "node/5919538307", "highway": "bus_stop", "name": "Kvavelbro", "public_transport": "platform", "ref": "312" }, "geometry": { "type": "Point", "coordinates": [ 20.0647795, 60.2861274 ] } },
{ "type": "Feature", "id": "node/6011571236", "properties": { "@id": "node/6011571236", "bus": "yes", "highway": "bus_stop", "name": "Mjölkdahlsvägen vsk.", "public_transport": "platform", "ref": "102", "shelter": "yes" }, "geometry": { "type": "Point", "coordinates": [ 19.9105263, 60.1081495 ] } },
{ "type": "Feature", "id": "node/6259607436", "properties": { "@id": "node/6259607436", "bench": "no", "bin": "no", "highway": "bus_stop", "name": "Käringsunds Camping", "network": "Ålandstrafiken", "route_ref": "1", "shelter": "no" }, "geometry": { "type": "Point", "coordinates": [ 19.544671, 60.2334331 ] } },
{ "type": "Feature", "id": "node/6259607437", "properties": { "@id": "node/6259607437", "bench": "no", "bin": "no", "highway": "bus_stop", "name": "Käringsunds Camping", "network": "Ålandstrafiken", "route_ref": "1", "shelter": "no" }, "geometry": { "type": "Point", "coordinates": [ 19.5438436, 60.2340036 ] } },
{ "type": "Feature", "id": "node/6259607441", "properties": { "@id": "node/6259607441", "bus": "yes", "direction": "322", "fixme": "Position_estimated", "highway": "bus_stop", "name": "Berghamn", "name:fi": "Berghamn", "name:sv": "Berghamn", "public_transport": "platform", "ref": "1175", "ref:findr": "307670", "shelter": "no", "source": "Digiroad.fi" }, "geometry": { "type": "Point", "coordinates": [ 19.5384339, 60.2246134 ] } },
{ "type": "Feature", "id": "node/6259607442", "properties": { "@id": "node/6259607442", "FIXME": "Position_estimated", "direction": "229", "highway": "bus_stop", "name": "Eklunds", "name:fi": "Eklunds", "name:sv": "Eklunds", "ref:findr": "307881", "shelter": "no", "source": "Digiroad.fi" }, "geometry": { "type": "Point", "coordinates": [ 19.7538324, 60.2640745 ] } },
{ "type": "Feature", "id": "node/6259607443", "properties": { "@id": "node/6259607443", "FIXME": "Position_estimated", "direction": "48", "highway": "bus_stop", "name": "Eklunds", "name:fi": "Eklunds", "name:sv": "Eklunds", "ref:findr": "307880", "shelter": "no", "source": "Digiroad.fi" }, "geometry": { "type": "Point", "coordinates": [ 19.7535291, 60.2639107 ] } },
{ "type": "Feature", "id": "node/6259607444", "properties": { "@id": "node/6259607444", "FIXME": "Position_estimated", "direction": "300", "highway": "bus_stop", "name": "Ö. Lillbolstad", "name:fi": "Ö. Lillbolstad", "name:sv": "Ö. Lillbolstad", "ref:findr": "307877", "shelter": "no", "source": "Digiroad.fi" }, "geometry": { "type": "Point", "coordinates": [ 19.7506103, 60.2397141 ] } },
{ "type": "Feature", "id": "node/6259607445", "properties": { "@id": "node/6259607445", "FIXME": "Position_estimated", "direction": "125", "highway": "bus_stop", "name": "Ö. Lillbolstad", "name:fi": "Ö. Lillbolstad", "name:sv": "Ö. Lillbolstad", "note": "LISATIEDOT:kur", "ref:findr": "307884", "shelter": "yes", "source": "Digiroad.fi" }, "geometry": { "type": "Point", "coordinates": [ 19.7498605, 60.2398823 ] } },
{ "type": "Feature", "id": "node/6259607446", "properties": { "@id": "node/6259607446", "FIXME": "Position_estimated", "direction": "153", "highway": "bus_stop", "name": "Lillbolstad", "name:fi": "Lillbolstad", "name:sv": "Lillbolstad", "ref:findr": "307883", "shelter": "no", "source": "Digiroad.fi" }, "geometry": { "type": "Point", "coordinates": [ 19.7444526, 60.2419035 ] } },
{ "type": "Feature", "id": "node/6259607447", "properties": { "@id": "node/6259607447", "FIXME": "Position_estimated", "direction": "193", "highway": "bus_stop", "name": "Sålis", "name:fi": "Sålis", "name:sv": "Sålis", "note": "LISATIEDOT:kur", "ref:findr": "307882", "shelter": "yes", "source": "Digiroad.fi" }, "geometry": { "type": "Point", "coordinates": [ 19.7412852, 60.2558613 ] } },
{ "type": "Feature", "id": "node/6259607448", "properties": { "@id": "node/6259607448", "FIXME": "Position_estimated", "direction": "15", "highway": "bus_stop", "name": "Sålis", "name:fi": "Sålis", "name:sv": "Sålis", "ref:findr": "307879", "shelter": "no", "source": "Digiroad.fi" }, "geometry": { "type": "Point", "coordinates": [ 19.7411848, 60.2554601 ] } },
{ "type": "Feature", "id": "node/6259607449", "properties": { "@id": "node/6259607449", "FIXME": "Position_estimated", "direction": "352", "highway": "bus_stop", "name": "Lillbolstad", "name:fi": "Lillbolstad", "name:sv": "Lillbolstad", "ref:findr": "307878", "shelter": "no", "source": "Digiroad.fi" }, "geometry": { "type": "Point", "coordinates": [ 19.7435203, 60.2430297 ] } },
{ "type": "Feature", "id": "node/6259607450", "properties": { "@id": "node/6259607450", "FIXME": "Position_estimated", "direction": "225", "highway": "bus_stop", "name": "Markusböle Hammarbacka", "name:fi": "Markusböle Hammarbacka", "name:sv": "Markusböle Hammarbacka", "ref": "6121", "ref:findr": "307793", "shelter": "no", "source": "Digiroad.fi" }, "geometry": { "type": "Point", "coordinates": [ 19.9082041, 60.2517127 ] } },
{ "type": "Feature", "id": "node/6259607451", "properties": { "@id": "node/6259607451", "FIXME": "Position_estimated", "direction": "64", "highway": "bus_stop", "name": "Markusböle Hammarbacka", "name:fi": "Markusböle Hammarbacka", "name:sv": "Markusböle Hammarbacka", "ref": "6121", "ref:findr": "307788", "shelter": "no", "source": "Digiroad.fi" }, "geometry": { "type": "Point", "coordinates": [ 19.9072024, 60.2512192 ] } },
{ "type": "Feature", "id": "node/6259607452", "properties": { "@id": "node/6259607452", "FIXME": "Position_estimated", "direction": "346", "highway": "bus_stop", "name": "Ö. Postad vsk", "name:fi": "Ö. Postad vsk", "name:sv": "Ö. Postad vsk", "ref:findr": "307876", "shelter": "no", "source": "Digiroad.fi" }, "geometry": { "type": "Point", "coordinates": [ 19.767431, 60.2257618 ] } },
{ "type": "Feature", "id": "node/6259607453", "properties": { "@id": "node/6259607453", "FIXME": "Position_estimated", "direction": "170", "highway": "bus_stop", "name": "Ö. Postad vsk", "name:fi": "Ö. Postad vsk", "name:sv": "Ö. Postad vsk", "ref:findr": "307885", "shelter": "no", "source": "Digiroad.fi" }, "geometry": { "type": "Point", "coordinates": [ 19.7679146, 60.2249751 ] } },
{ "type": "Feature", "id": "node/6259607454", "properties": { "@id": "node/6259607454", "FIXME": "Position_estimated", "direction": "179", "highway": "bus_stop", "name": "Bamböle byn", "name:fi": "Bamböle byn", "name:sv": "Bamböle byn", "note": "LISATIEDOT:kur", "ref": "6101", "ref:findr": "307795", "shelter": "yes", "source": "Digiroad.fi" }, "geometry": { "type": "Point", "coordinates": [ 19.857974, 60.2282555 ] } },
{ "type": "Feature", "id": "node/6259607455", "properties": { "@id": "node/6259607455", "FIXME": "Position_estimated", "direction": "6", "highway": "bus_stop", "name": "Postad", "name:fi": "Postad", "name:sv": "Postad", "ref:findr": "307875", "shelter": "no", "source": "Digiroad.fi" }, "geometry": { "type": "Point", "coordinates": [ 19.7682154, 60.2231246 ] } },
{ "type": "Feature", "id": "node/6259607456", "properties": { "@id": "node/6259607456", "FIXME": "Position_estimated", "direction": "186", "highway": "bus_stop", "name": "Postad", "name:fi": "Postad", "name:sv": "Postad", "ref:findr": "307886", "shelter": "no", "source": "Digiroad.fi" }, "geometry": { "type": "Point", "coordinates": [ 19.7682025, 60.2222319 ] } },
{ "type": "Feature", "id": "node/6259607457", "properties": { "@id": "node/6259607457", "FIXME": "Position_estimated", "direction": "38", "highway": "bus_stop", "name": "Svenblads", "name:fi": "Svenblads", "name:sv": "Svenblads", "ref:findr": "307874", "shelter": "no", "source": "Digiroad.fi" }, "geometry": { "type": "Point", "coordinates": [ 19.768994, 60.2143949 ] } },
{ "type": "Feature", "id": "node/6259607458", "properties": { "@id": "node/6259607458", "FIXME": "Position_estimated", "direction": "214", "highway": "bus_stop", "name": "Svenblads", "name:fi": "Svenblads", "name:sv": "Svenblads", "ref:findr": "307887", "shelter": "no", "source": "Digiroad.fi" }, "geometry": { "type": "Point", "coordinates": [ 19.7679278, 60.2135782 ] } },
{ "type": "Feature", "id": "node/6259607470", "properties": { "@id": "node/6259607470", "bus": "yes", "direction": "80", "highway": "bus_stop", "name": "Elverksgatan", "old_name": "Elverksgatan 2", "public_transport": "platform", "shelter": "no", "source": "Digiroad.fi" }, "geometry": { "type": "Point", "coordinates": [ 19.9299529, 60.1064026 ] } },
{ "type": "Feature", "id": "node/6259607472", "properties": { "@id": "node/6259607472", "bench": "no", "bin": "no", "bus": "yes", "direction": "339", "highway": "bus_stop", "lit": "yes", "name": "Yrkesgymnasiet", "old_name": "Yrkesskolan", "public_transport": "platform", "shelter": "no", "source": "Digiroad.fi" }, "geometry": { "type": "Point", "coordinates": [ 19.929332, 60.1018461 ] } },
{ "type": "Feature", "id": "node/6259607484", "properties": { "@id": "node/6259607484", "bus": "yes", "direction": "88", "highway": "bus_stop", "public_transport": "platform", "ref:findr": "180460", "shelter": "no", "source": "Digiroad.fi" }, "geometry": { "type": "Point", "coordinates": [ 19.9343834, 60.0942453 ] } },
{ "type": "Feature", "id": "node/6259608408", "properties": { "@id": "node/6259608408", "bench": "yes", "bin": "no", "bus": "yes", "direction": "179", "highway": "bus_stop", "lit": "yes", "name": "GE-huset", "public_transport": "platform", "ref:findr": "180561", "shelter": "no", "source": "Digiroad.fi" }, "geometry": { "type": "Point", "coordinates": [ 19.9385963, 60.0979949 ] } },
{ "type": "Feature", "id": "node/6259608409", "properties": { "@id": "node/6259608409", "alt_name": "Sjukhuset", "bench": "no", "bin": "no", "bus": "yes", "check_date:shelter": "2022-09-26", "direction": "358", "highway": "bus_stop", "lit": "yes", "name": "Doktorsvägen 1A", "old_name": "Doktorsvägen 1", "public_transport": "platform", "ref:findr": "180877", "shelter": "no", "source": "Digiroad.fi" }, "geometry": { "type": "Point", "coordinates": [ 19.9349692, 60.1155832 ] } },
{ "type": "Feature", "id": "node/6259608410", "properties": { "@id": "node/6259608410", "bench": "no", "bin": "yes", "bus": "yes", "direction": "359", "highway": "bus_stop", "lit": "yes", "name": "GE-huset", "public_transport": "platform", "ref:findr": "180875", "shelter": "yes", "source": "Digiroad.fi" }, "geometry": { "type": "Point", "coordinates": [ 19.9388033, 60.097857 ] } },
{ "type": "Feature", "id": "node/6259608414", "properties": { "@id": "node/6259608414", "bus": "yes", "direction": "179", "highway": "bus_stop", "name": "Savoy", "public_transport": "platform", "ref:findr": "180649", "shelter": "no", "source": "Digiroad.fi" }, "geometry": { "type": "Point", "coordinates": [ 19.9379429, 60.1005312 ] } },
{ "type": "Feature", "id": "node/6259608415", "properties": { "@id": "node/6259608415", "bus": "yes", "direction": "359", "highway": "bus_stop", "name": "Savoy", "public_transport": "platform", "ref:findr": "180836", "shelter": "no", "source": "Digiroad.fi" }, "geometry": { "type": "Point", "coordinates": [ 19.9382233, 60.1002774 ] } },
{ "type": "Feature", "id": "node/6259608422", "properties": { "@id": "node/6259608422", "FIXME": "Position_estimated", "direction": "224", "highway": "bus_stop", "name": "Markusböle norra vsk", "name:fi": "Markusböle norra vsk", "name:sv": "Markusböle norra vsk", "ref": "6123", "ref:findr": "307792", "shelter": "no", "source": "Digiroad.fi" }, "geometry": { "type": "Point", "coordinates": [ 19.9146874, 60.2549113 ] } },
{ "type": "Feature", "id": "node/6259608423", "properties": { "@id": "node/6259608423", "FIXME": "Position_estimated", "direction": "59", "highway": "bus_stop", "name": "Markusböle norra vsk", "name:fi": "Markusböle norra vsk", "name:sv": "Markusböle norra vsk", "ref": "6123", "ref:findr": "307789", "shelter": "no", "source": "Digiroad.fi" }, "geometry": { "type": "Point", "coordinates": [ 19.9139225, 60.2545178 ] } },
{ "type": "Feature", "id": "node/6259608428", "properties": { "@id": "node/6259608428", "alt_name": "Lillåkersvägen", "bus": "yes", "direction": "6", "highway": "bus_stop", "public_transport": "platform", "shelter": "no", "source": "Digiroad.fi" }, "geometry": { "type": "Point", "coordinates": [ 19.9480156, 60.1237952 ] } },
{ "type": "Feature", "id": "node/6259608431", "properties": { "@id": "node/6259608431", "alt_name": "Bogränd", "bus": "yes", "direction": "353", "fixme": "Position_estimated", "highway": "bus_stop", "name": "Högbackagatan", "note": "Not in use", "old_name": "Högbackagatan 10", "public_transport": "platform", "shelter": "no", "source": "Digiroad.fi" }, "geometry": { "type": "Point", "coordinates": [ 19.9495519, 60.1217281 ] } },
{ "type": "Feature", "id": "node/6259608432", "properties": { "@id": "node/6259608432", "bus": "yes", "direction": "16", "fixme": "Position_estimated", "highway": "bus_stop", "name": "Backebergs sportfält", "note": "Not in use", "old_name": "Högbackagatan 26", "public_transport": "platform", "shelter": "no", "source": "Digiroad.fi" }, "geometry": { "type": "Point", "coordinates": [ 19.9501794, 60.1202514 ] } },
{ "type": "Feature", "id": "node/6259608441", "properties": { "@id": "node/6259608441", "FIXME": "Position_estimated", "bench": "no", "bin": "no", "check_date:shelter": "2024-05-04", "direction": "71", "highway": "bus_stop", "name": "Godby vägststion", "name:fi": "Godby vägstation", "name:sv": "Godby vägststion", "ref": "2098", "ref:findr": "180671", "shelter": "no", "source": "Digiroad.fi" }, "geometry": { "type": "Point", "coordinates": [ 20.0015125, 60.233908 ] } },
{ "type": "Feature", "id": "node/6259608449", "properties": { "@id": "node/6259608449", "bus": "yes", "direction": "240", "fixme": "Position_estimated", "highway": "bus_stop", "name": "Nääs branddepån", "name:fi": "Nääs branddepån", "name:sv": "Nääs branddepån", "public_transport": "platform", "ref": "3163", "ref:findr": "307750", "shelter": "no", "source": "Digiroad.fi" }, "geometry": { "type": "Point", "coordinates": [ 20.0103066, 60.3205122 ] } },
{ "type": "Feature", "id": "node/6259608450", "properties": { "@id": "node/6259608450", "FIXME": "Position_estimated", "direction": "137", "highway": "bus_stop", "name": "Södra Haga", "name:fi": "Södra Haga", "name:sv": "Södra Haga", "note": "LISATIEDOT:kur", "ref": "3361", "ref:findr": "307752", "shelter": "yes", "source": "Digiroad.fi" }, "geometry": { "type": "Point", "coordinates": [ 20.0134965, 60.2946658 ] } },
{ "type": "Feature", "id": "node/6259608451", "properties": { "@id": "node/6259608451", "FIXME": "Position_estimated", "direction": "96", "highway": "bus_stop", "name": "Haga; Lötö vsk", "name:fi": "Haga; Lötö vsk", "name:sv": "Haga; Lötö vsk", "ref": "3351", "ref:findr": "307753", "shelter": "no", "source": "Digiroad.fi" }, "geometry": { "type": "Point", "coordinates": [ 20.0074028, 60.3139196 ] } },
{ "type": "Feature", "id": "node/6259608452", "properties": { "@id": "node/6259608452", "FIXME": "Position_estimated", "direction": "274", "highway": "bus_stop", "name": "Haga; Lötö vsk", "name:fi": "Haga; Lötö vsk", "name:sv": "Haga; Lötö vsk", "note": "LISATIEDOT:kur", "ref": "3351", "ref:findr": "307751", "shelter": "yes", "source": "Digiroad.fi" }, "geometry": { "type": "Point", "coordinates": [ 20.0064764, 60.313913 ] } },
{ "type": "Feature", "id": "node/6259608453", "properties": { "@id": "node/6259608453", "FIXME": "Position_estimated", "bench": "no", "direction": "100", "highway": "bus_stop", "name": "Västeränga", "name:fi": "Västeränga", "name:sv": "Västeränga", "network": "Alandstrafiken", "operator": "Williams Buss;Alands Taxi", "public_transport": "platform", "ref": "5431", "ref:findr": "308038", "shelter": "no", "source": "Digiroad.fi" }, "geometry": { "type": "Point", "coordinates": [ 20.1332468, 60.0160435 ] } },
{ "type": "Feature", "id": "node/6259608454", "properties": { "@id": "node/6259608454", "FIXME": "Position_estimated", "bench": "no", "direction": "292", "highway": "bus_stop", "name": "Västeränga", "name:fi": "Västeränga", "name:sv": "Västeränga", "network": "Alandstrafiken", "operator": "Williams Buss;Alands Taxi", "public_transport": "platform", "ref": "5431", "ref:findr": "308043", "shelter": "no", "source": "Digiroad.fi" }, "geometry": { "type": "Point", "coordinates": [ 20.1325119, 60.0162207 ] } },
{ "type": "Feature", "id": "node/6259608455", "properties": { "@id": "node/6259608455", "FIXME": "Position_estimated", "bench": "no", "bin": "no", "direction": "86", "highway": "bus_stop", "lit": "yes", "name": "Söderby", "name:fi": "Söderby", "name:sv": "Söderby", "ref": "5083", "ref:findr": "307983", "shelter": "no", "source": "Digiroad.fi" }, "geometry": { "type": "Point", "coordinates": [ 20.0884901, 60.069119 ] } },
{ "type": "Feature", "id": "node/6259608456", "properties": { "@id": "node/6259608456", "FIXME": "Position_estimated", "bench": "no", "bin": "no", "direction": "262", "highway": "bus_stop", "lit": "yes", "name": "Söderby", "name:fi": "Söderby", "name:sv": "Söderby", "ref": "5083", "ref:findr": "308022", "shelter": "no", "source": "Digiroad.fi" }, "geometry": { "type": "Point", "coordinates": [ 20.0848624, 60.0687485 ] } },
{ "type": "Feature", "id": "node/6259608457", "properties": { "@id": "node/6259608457", "bench": "no", "bus": "yes", "direction": "174", "fixme": "Position_estimated", "highway": "bus_stop", "name": "Vessingsboda", "name:fi": "Vessingsboda", "name:sv": "Vessingsboda", "network": "Alandstrafiken", "note": "LISATIEDOT:kur", "operator": "Williams Buss;Aland Taxi", "public_transport": "platform", "ref": "5434", "ref:findr": "308044", "shelter": "no", "source": "Digiroad.fi" }, "geometry": { "type": "Point", "coordinates": [ 20.1748892, 60.0437769 ] } },
{ "type": "Feature", "id": "node/6259608458", "properties": { "@id": "node/6259608458", "bus": "yes", "direction": "354", "fixme": "Position_estimated", "highway": "bus_stop", "name": "Vessingsboda", "name:fi": "Vessingsboda", "name:sv": "Vessingsboda", "network": "Alandstrafiken", "note": "LISATIEDOT:kur", "operator": "Williams Buss;Alands Taxi", "public_transport": "platform", "ref": "5434", "ref:findr": "308045", "shelter": "yes", "source": "Digiroad.fi" }, "geometry": { "type": "Point", "coordinates": [ 20.174654, 60.0438858 ] } },
{ "type": "Feature", "id": "node/6259608461", "properties": { "@id": "node/6259608461", "FIXME": "Position_estimated", "bench": "no", "direction": "258", "highway": "bus_stop", "name": "Hallonstigen vsk", "name:fi": "Hallonstigen vsk", "name:sv": "Hallonstigen vsk", "network": "Alandstrafiken", "note": "LISATIEDOT:kur", "operator": "Williams Buss", "public_transport": "platform", "ref": "5432", "ref:findr": "308042", "shelter": "yes", "source": "Digiroad.fi" }, "geometry": { "type": "Point", "coordinates": [ 20.1375981, 60.0167754 ] } },
{ "type": "Feature", "id": "node/6259608462", "properties": { "@id": "node/6259608462", "FIXME": "Position_estimated", "bench": "no", "direction": "78", "highway": "bus_stop", "name": "Hallonstigen vsk", "name:fi": "Hallonstigen vsk", "name:sv": "Hallonstigen vsk", "network": "Alandstrafiken", "operator": "Williams Buss", "public_transport": "platform", "ref": "5432", "ref:findr": "308039", "shelter": "no", "source": "Digiroad.fi" }, "geometry": { "type": "Point", "coordinates": [ 20.1365159, 60.0166056 ] } },
{ "type": "Feature", "id": "node/6259608463", "properties": { "@id": "node/6259608463", "FIXME": "Position_estimated", "bench": "no", "bin": "no", "check_date:shelter": "2024-08-19", "direction": "91", "highway": "bus_stop", "lit": "no", "name": "Vargata", "name:fi": "Vargata", "name:sv": "Vargata", "ref": "4212", "ref:findr": "307929", "shelter": "no", "source": "Digiroad.fi" }, "geometry": { "type": "Point", "coordinates": [ 20.3527681, 60.2445033 ] } },
{ "type": "Feature", "id": "node/6259608464", "properties": { "@id": "node/6259608464", "FIXME": "Position_estimated", "bench": "no", "direction": "323", "highway": "bus_stop", "name": "Hummelvik", "name:fi": "Hummelvik", "name:sv": "Hummelvik", "note": "LISATIEDOT:Väntsal", "ref": "4241", "ref:findr": "307961", "shelter": "yes", "source": "Digiroad.fi" }, "geometry": { "type": "Point", "coordinates": [ 20.4132658, 60.2244067 ] } },
{ "type": "Feature", "id": "node/6259608467", "properties": { "@id": "node/6259608467", "bus": "yes", "direction": "210", "highway": "bus_stop", "name": "Pellas", "name:fi": "Pellas", "name:sv": "Pellas", "public_transport": "platform", "ref": "4233", "ref:findr": "307947", "shelter": "no", "source": "Digiroad.fi;survey" }, "geometry": { "type": "Point", "coordinates": [ 20.3744024, 60.2653413 ] } },
{ "type": "Feature", "id": "node/6259608468", "properties": { "@id": "node/6259608468", "FIXME": "Position_estimated", "direction": "30", "highway": "bus_stop", "name": "Vårdö skola", "name:fi": "Vårdö skola", "name:sv": "Vårdö skola", "note": "LISATIEDOT:kur", "ref": "4222", "ref:findr": "307938", "shelter": "yes", "source": "Digiroad.fi" }, "geometry": { "type": "Point", "coordinates": [ 20.3755058, 60.2445061 ] } },
{ "type": "Feature", "id": "node/6259608469", "properties": { "@id": "node/6259608469", "FIXME": "Position_estimated", "direction": "197", "highway": "bus_stop", "name": "Lövö", "name:fi": "Lövö", "name:sv": "Lövö", "note": "LISATIEDOT:kur", "ref": "4232", "ref:findr": "307948", "shelter": "yes", "source": "Digiroad.fi" }, "geometry": { "type": "Point", "coordinates": [ 20.3712649, 60.260763 ] } },
{ "type": "Feature", "id": "node/6259608470", "properties": { "@id": "node/6259608470", "FIXME": "Position_estimated", "direction": "17", "highway": "bus_stop", "name": "Lövö", "name:fi": "Lövö", "name:sv": "Lövö", "ref": "4232", "ref:findr": "307940", "shelter": "no", "source": "Digiroad.fi" }, "geometry": { "type": "Point", "coordinates": [ 20.3710756, 60.2602784 ] } },
{ "type": "Feature", "id": "node/6259608471", "properties": { "@id": "node/6259608471", "FIXME": "Position_estimated", "bench": "no", "bin": "no", "check_date:shelter": "2024-08-19", "direction": "270", "highway": "bus_stop", "lit": "no", "name": "Vargata", "name:fi": "Vargata", "name:sv": "Vargata", "ref": "4212", "ref:findr": "307932", "shelter": "no", "source": "Digiroad.fi" }, "geometry": { "type": "Point", "coordinates": [ 20.3537018, 60.2445463 ] } },
{ "type": "Feature", "id": "node/6442069085", "properties": { "@id": "node/6442069085", "bench": "no", "bin": "no", "bus": "yes", "highway": "bus_stop", "lit": "yes", "name": "Hamngatan", "old_name": "Hotell Adlon", "public_transport": "platform", "shelter": "no", "source:name": "sign" }, "geometry": { "type": "Point", "coordinates": [ 19.9277648, 60.0946779 ] } },
{ "type": "Feature", "id": "node/6677277225", "properties": { "@id": "node/6677277225", "bus": "yes", "highway": "bus_stop", "name": "Posten", "public_transport": "platform", "source": "local knowledge" }, "geometry": { "type": "Point", "coordinates": [ 19.9162421, 60.1207029 ] } },
{ "type": "Feature", "id": "node/7138278634", "properties": { "@id": "node/7138278634", "bench": "no", "bus": "yes", "highway": "bus_stop", "name": "Hulta", "network": "Ålandstrafiken", "network:wikidata": "Q270993", "operator": "Sunsbussen", "public_transport": "platform", "service_times": "School days", "shelter": "yes" }, "geometry": { "type": "Point", "coordinates": [ 20.239962, 60.2739583 ] } },
{ "type": "Feature", "id": "node/7138278636", "properties": { "@id": "node/7138278636", "bench": "no", "highway": "bus_stop", "name": "Sibby", "network": "Alandstrafiken", "operator": "Sundsbussen", "service_times": "School days", "shelter": "no" }, "geometry": { "type": "Point", "coordinates": [ 20.1936262, 60.256834 ] } },
{ "type": "Feature", "id": "node/7138278637", "properties": { "@id": "node/7138278637", "bench": "no", "highway": "bus_stop", "name": "Strombolstad", "network": "Alandstrafiken", "operator": "Sundsbussen", "shelter": "yes" }, "geometry": { "type": "Point", "coordinates": [ 20.1787745, 60.2591852 ] } },
{ "type": "Feature", "id": "node/7138278638", "properties": { "@id": "node/7138278638", "bench": "no", "highway": "bus_stop", "name": "Brandbolstad", "network": "Alandstrafiken", "operator": "Sundsbussen", "service_times": "School days", "shelter": "no" }, "geometry": { "type": "Point", "coordinates": [ 20.1480488, 60.2644718 ] } },
{ "type": "Feature", "id": "node/7138278639", "properties": { "@id": "node/7138278639", "bench": "no", "highway": "bus_stop", "name": "Bjorby", "network": "Alandstrafiken", "operator": "Sundsbussen", "service_times": "School days", "shelter": "no" }, "geometry": { "type": "Point", "coordinates": [ 20.1266601, 60.2561172 ] } },
{ "type": "Feature", "id": "node/7138278640", "properties": { "@id": "node/7138278640", "bench": "no", "highway": "bus_stop", "name": "Lappbole", "network": "Alandstrafiken", "operator": "Sundsbussen", "service_times": "School days", "shelter": "no" }, "geometry": { "type": "Point", "coordinates": [ 20.0946864, 60.2458213 ] } },
{ "type": "Feature", "id": "node/7138278641", "properties": { "@id": "node/7138278641", "bench": "no", "highway": "bus_stop", "name": "Delvik", "network": "Alandstrafiken", "operator": "Sundsbussen", "service_times": "School days", "shelter": "no" }, "geometry": { "type": "Point", "coordinates": [ 20.2098476, 60.2472416 ] } },
{ "type": "Feature", "id": "node/7138278642", "properties": { "@id": "node/7138278642", "bench": "no", "highway": "bus_stop", "name": "Delvik", "network": "Alandstrafiken", "operator": "Sundsbussen", "service_times": "School days", "shelter": "no" }, "geometry": { "type": "Point", "coordinates": [ 20.2093546, 60.2472014 ] } },
{ "type": "Feature", "id": "node/7141983287", "properties": { "@id": "node/7141983287", "bus": "yes", "departures_board": "no", "highway": "bus_stop", "name": "Hastersboda", "network": "Alandstrafiken", "operator": "Dan's Taxi", "public_transport": "platform", "shelter": "no" }, "geometry": { "type": "Point", "coordinates": [ 20.573733, 60.0289939 ] } },
{ "type": "Feature", "id": "node/7141983288", "properties": { "@id": "node/7141983288", "bench": "no", "bus": "yes", "highway": "bus_stop", "name": "Sommaro", "network": "Alandstrafiken", "operator": "Dan's Taxi", "public_transport": "platform", "shelter": "no" }, "geometry": { "type": "Point", "coordinates": [ 20.558382, 60.0351797 ] } },
{ "type": "Feature", "id": "node/7141983289", "properties": { "@id": "node/7141983289", "bus": "yes", "departures_board": "no", "highway": "bus_stop", "name": "Brando", "network": "Alandstrafiken", "operator": "Dan's Taxi", "public_transport": "platform", "shelter": "no" }, "geometry": { "type": "Point", "coordinates": [ 20.5310179, 60.0462612 ] } },
{ "type": "Feature", "id": "node/7141983290", "properties": { "@id": "node/7141983290", "bus": "yes", "departures_board": "no", "highway": "bus_stop", "name": "Finholma", "network": "Alandstrafiken", "operator": "Dan's Taxi", "public_transport": "platform", "shelter": "no" }, "geometry": { "type": "Point", "coordinates": [ 20.5191518, 60.0620897 ] } },
{ "type": "Feature", "id": "node/7141983291", "properties": { "@id": "node/7141983291", "bus": "yes", "departures_board": "no", "highway": "bus_stop", "name": "Jyddo", "network": "Alandstrafiken", "operator": "Dan's Taxi", "public_transport": "platform", "shelter": "no" }, "geometry": { "type": "Point", "coordinates": [ 20.5302776, 60.0896504 ] } },
{ "type": "Feature", "id": "node/7141983292", "properties": { "@id": "node/7141983292", "bus": "yes", "departures_board": "no", "highway": "bus_stop", "name": "Overo", "network": "Alandstrafiken", "operator": "Dan's Taxi", "public_transport": "platform", "shelter": "no" }, "geometry": { "type": "Point", "coordinates": [ 20.5186261, 60.1055117 ] } },
{ "type": "Feature", "id": "node/7141983293", "properties": { "@id": "node/7141983293", "bus": "yes", "departures_board": "no", "highway": "bus_stop", "name": "Sonboda", "network": "Alandstrafiken", "operator": "Dan's Taxi", "public_transport": "platform", "shelter": "yes" }, "geometry": { "type": "Point", "coordinates": [ 20.4847444, 60.0474209 ] } },
{ "type": "Feature", "id": "node/7141983294", "properties": { "@id": "node/7141983294", "bus": "yes", "departures_board": "no", "highway": "bus_stop", "name": "Granboda", "network": "Alandstrafiken", "operator": "Dan's Taxi", "public_transport": "platform", "shelter": "yes" }, "geometry": { "type": "Point", "coordinates": [ 20.4419203, 60.0454951 ] } },
{ "type": "Feature", "id": "node/8230696991", "properties": { "@id": "node/8230696991", "bus": "yes", "check_date:shelter": "2026-04-04", "highway": "bus_stop", "name": "Björsby", "public_transport": "platform", "shelter": "yes" }, "geometry": { "type": "Point", "coordinates": [ 19.964041, 60.1852441 ] } },
{ "type": "Feature", "id": "node/8230696992", "properties": { "@id": "node/8230696992", "bus": "yes", "highway": "bus_stop", "name": "Björsby", "public_transport": "platform", "shelter": "no" }, "geometry": { "type": "Point", "coordinates": [ 19.9639958, 60.1853279 ] } },
{ "type": "Feature", "id": "node/9606312043", "properties": { "@id": "node/9606312043", "bus": "yes", "highway": "bus_stop", "name": "Maxinge", "public_transport": "platform", "ref:findr": "336352", "shelter": "yes" }, "geometry": { "type": "Point", "coordinates": [ 19.9345614, 60.1299804 ] } },
{ "type": "Feature", "id": "node/9978723985", "properties": { "@id": "node/9978723985", "bench": "no", "fixme": "tag and add to routes", "highway": "bus_stop", "name": "Svinryggen", "shelter": "no" }, "geometry": { "type": "Point", "coordinates": [ 19.8125722, 60.1447138 ] } },
{ "type": "Feature", "id": "node/9978723986", "properties": { "@id": "node/9978723986", "bench": "no", "fixme": "tag and add to routes", "highway": "bus_stop", "name": "Svinryggen", "shelter": "no" }, "geometry": { "type": "Point", "coordinates": [ 19.8132085, 60.1441984 ] } },
{ "type": "Feature", "id": "node/10606736577", "properties": { "@id": "node/10606736577", "bench": "no", "bin": "no", "bus": "yes", "highway": "bus_stop", "lit": "yes", "name": "Mariehamn, Bussplan", "public_transport": "platform", "ref:findr": "332840", "shelter": "yes" }, "geometry": { "type": "Point", "coordinates": [ 19.9422816, 60.1022269 ] } },
{ "type": "Feature", "id": "node/10677563214", "properties": { "@id": "node/10677563214", "fixme": "confirm name", "highway": "bus_stop", "name": "Norrgårdsvägen?", "note": "gul skylt" }, "geometry": { "type": "Point", "coordinates": [ 19.8991091, 60.1053525 ] } },
{ "type": "Feature", "id": "node/10677563215", "properties": { "@id": "node/10677563215", "fixme": "confirm name", "highway": "bus_stop", "name": "Norrgårdsvägen?", "note": "gul skylt" }, "geometry": { "type": "Point", "coordinates": [ 19.8990948, 60.1054241 ] } },
{ "type": "Feature", "id": "node/10725104423", "properties": { "@id": "node/10725104423", "bus": "yes", "departures_board": "timetable", "highway": "bus_stop", "name": "Kasbergsvägen", "public_transport": "platform", "shelter": "no" }, "geometry": { "type": "Point", "coordinates": [ 19.9235862, 60.1243386 ] } },
{ "type": "Feature", "id": "node/10725115870", "properties": { "@id": "node/10725115870", "bus": "yes", "departures_board": "timetable", "highway": "bus_stop", "name": "Dalkullavägen", "public_transport": "platform", "shelter": "no" }, "geometry": { "type": "Point", "coordinates": [ 19.9188665, 60.1295564 ] } },
{ "type": "Feature", "id": "node/10784056509", "properties": { "@id": "node/10784056509", "bus": "yes", "highway": "bus_stop", "name": "Snäckö färjfäste", "name:fi": "Snäckö färjfäste", "name:sv": "Snäckö färjfäste", "public_transport": "platform", "ref:findr": "334517" }, "geometry": { "type": "Point", "coordinates": [ 20.7269384, 60.219521 ] } },
{ "type": "Feature", "id": "node/10784056513", "properties": { "@id": "node/10784056513", "bus": "yes", "highway": "bus_stop", "name": "Kumlinge norra färjfäste", "name:fi": "Kumlinge norra färjfäste", "name:sv": "Kumlinge norra färjfäste", "public_transport": "platform", "ref:findr": "334617" }, "geometry": { "type": "Point", "coordinates": [ 20.7901367, 60.2900051 ] } },
{ "type": "Feature", "id": "node/10980018358", "properties": { "@id": "node/10980018358", "bench": "yes", "bin": "no", "bus": "yes", "highway": "bus_stop", "name": "Simskäla färjfäste", "public_transport": "platform", "ref:findr": "332843", "shelter": "yes" }, "geometry": { "type": "Point", "coordinates": [ 20.3725595, 60.3218889 ] } },
{ "type": "Feature", "id": "node/10980018364", "properties": { "@id": "node/10980018364", "bench": "yes", "bus": "yes", "highway": "bus_stop", "name": "Källbo skola", "public_transport": "platform", "ref:findr": "332725", "shelter": "yes" }, "geometry": { "type": "Point", "coordinates": [ 19.9850104, 60.2284459 ] } },
{ "type": "Feature", "id": "node/10980018365", "properties": { "@id": "node/10980018365", "bus": "yes", "highway": "bus_stop", "name": "Vargata brygga vsk.", "public_transport": "platform", "ref:findr": "332729" }, "geometry": { "type": "Point", "coordinates": [ 20.3414544, 60.2435402 ] } },
{ "type": "Feature", "id": "node/10980018367", "properties": { "@id": "node/10980018367", "bus": "yes", "highway": "bus_stop", "name": "Saltkråkan vändplan", "public_transport": "platform", "ref:findr": "332741" }, "geometry": { "type": "Point", "coordinates": [ 20.0028741, 60.0253175 ] } },
{ "type": "Feature", "id": "node/10980018368", "properties": { "@id": "node/10980018368", "bus": "yes", "highway": "bus_stop", "name": "Ödanböle", "public_transport": "platform", "ref:findr": "332747" }, "geometry": { "type": "Point", "coordinates": [ 19.8401835, 60.1374271 ] } },
{ "type": "Feature", "id": "node/10980018369", "properties": { "@id": "node/10980018369", "bus": "yes", "highway": "bus_stop", "name": "Ödanböle", "public_transport": "platform", "ref:findr": "332748" }, "geometry": { "type": "Point", "coordinates": [ 19.8403203, 60.1373149 ] } },
{ "type": "Feature", "id": "node/10980018370", "properties": { "@id": "node/10980018370", "bus": "yes", "highway": "bus_stop", "name": "Södra Kulla", "public_transport": "platform", "ref:findr": "332850" }, "geometry": { "type": "Point", "coordinates": [ 19.8747103, 60.208878 ] } },
{ "type": "Feature", "id": "node/10980018371", "properties": { "@id": "node/10980018371", "bus": "yes", "highway": "bus_stop", "name": "Södra Kulla", "public_transport": "platform", "ref:findr": "332849" }, "geometry": { "type": "Point", "coordinates": [ 19.8747452, 60.2088167 ] } },
{ "type": "Feature", "id": "node/10980018372", "properties": { "@id": "node/10980018372", "bus": "yes", "highway": "bus_stop", "name": "Rågetsböle", "public_transport": "platform", "ref:findr": "332852" }, "geometry": { "type": "Point", "coordinates": [ 19.8900306, 60.2681186 ] } },
{ "type": "Feature", "id": "node/10980018373", "properties": { "@id": "node/10980018373", "bus": "yes", "highway": "bus_stop", "name": "Rågetsböle", "note": "Virtuaalipysäkki, pysäkkiä ei merkitty maastoon", "public_transport": "platform", "ref:findr": "332853" }, "geometry": { "type": "Point", "coordinates": [ 19.8899582, 60.2680508 ] } },
{ "type": "Feature", "id": "node/10980018380", "properties": { "@id": "node/10980018380", "bus": "yes", "highway": "bus_stop", "name": "Tengsödavik", "public_transport": "platform", "ref:findr": "338418" }, "geometry": { "type": "Point", "coordinates": [ 20.1928427, 60.3102903 ] } },
{ "type": "Feature", "id": "node/10983466007", "properties": { "@id": "node/10983466007", "highway": "bus_stop" }, "geometry": { "type": "Point", "coordinates": [ 19.857517, 60.2129837 ] } },
{ "type": "Feature", "id": "node/12080197860", "properties": { "@id": "node/12080197860", "highway": "bus_stop", "name": "Långnäs färjfäste", "network": "Ålandstrafiken", "route_ref": "5", "shelter": "no", "zone": "16" }, "geometry": { "type": "Point", "coordinates": [ 20.2967799, 60.1173244 ] } },
{ "type": "Feature", "id": "node/12364297750", "properties": { "@id": "node/12364297750", "bus": "yes", "fixme": "resurvey", "highway": "bus_stop", "name": "Långnäs hamn", "network": "Ålandstrafiken", "network:wikidata": "Q270993", "public_transport": "platform", "route_ref": "5", "shelter": "no" }, "geometry": { "type": "Point", "coordinates": [ 20.2974565, 60.1161946 ] } },
{ "type": "Feature", "id": "node/12849625530", "properties": { "@id": "node/12849625530", "highway": "bus_stop" }, "geometry": { "type": "Point", "coordinates": [ 20.0819173, 60.2328308 ] } },
{ "type": "Feature", "id": "node/13059573816", "properties": { "@id": "node/13059573816", "bench": "no", "bin": "no", "highway": "bus_stop", "lit": "no", "name": "Postgärdsvägen vägskäl", "shelter": "no" }, "geometry": { "type": "Point", "coordinates": [ 19.9362266, 60.1961371 ] } },
{ "type": "Feature", "id": "node/13059573817", "properties": { "@id": "node/13059573817", "bench": "no", "bin": "no", "highway": "bus_stop", "lit": "no", "name": "Postgärdsvägen vägskäl", "shelter": "no" }, "geometry": { "type": "Point", "coordinates": [ 19.9354809, 60.1965077 ] } },
{ "type": "Feature", "id": "node/13059573818", "properties": { "@id": "node/13059573818", "bench": "no", "bin": "no", "highway": "bus_stop", "lit": "no", "name": "Norrängen", "shelter": "no" }, "geometry": { "type": "Point", "coordinates": [ 19.9283852, 60.2005062 ] } },
{ "type": "Feature", "id": "node/13059573819", "properties": { "@id": "node/13059573819", "bench": "no", "bin": "no", "highway": "bus_stop", "lit": "no", "name": "Norrängen", "shelter": "no" }, "geometry": { "type": "Point", "coordinates": [ 19.9288975, 60.2004442 ] } },
{ "type": "Feature", "id": "node/13059573820", "properties": { "@id": "node/13059573820", "bench": "no", "bin": "no", "highway": "bus_stop", "lit": "no", "name": "Tingsbacka", "shelter": "no" }, "geometry": { "type": "Point", "coordinates": [ 19.9184811, 60.2037725 ] } },
{ "type": "Feature", "id": "node/13059573821", "properties": { "@id": "node/13059573821", "bench": "no", "bin": "no", "highway": "bus_stop", "lit": "no", "name": "Tingsbacka", "shelter": "no" }, "geometry": { "type": "Point", "coordinates": [ 19.9176711, 60.204055 ] } },
{ "type": "Feature", "id": "node/13059573822", "properties": { "@id": "node/13059573822", "bench": "no", "bin": "no", "highway": "bus_stop", "lit": "no", "name": "Östanåkersvägen vägskäl", "shelter": "no" }, "geometry": { "type": "Point", "coordinates": [ 19.9055046, 60.2104973 ] } },
{ "type": "Feature", "id": "node/13059573823", "properties": { "@id": "node/13059573823", "bench": "no", "bin": "no", "highway": "bus_stop", "lit": "no", "name": "Östanåkersvägen vägskäl", "shelter": "no" }, "geometry": { "type": "Point", "coordinates": [ 19.9043083, 60.2108837 ] } },
{ "type": "Feature", "id": "node/13059573824", "properties": { "@id": "node/13059573824", "bench": "no", "bin": "no", "highway": "bus_stop", "lit": "no", "name": "Emkarby daghem", "shelter": "no" }, "geometry": { "type": "Point", "coordinates": [ 19.8830599, 60.211017 ] } },
{ "type": "Feature", "id": "node/13059573825", "properties": { "@id": "node/13059573825", "bench": "no", "bin": "no", "highway": "bus_stop", "lit": "no", "name": "Emkarby daghem", "shelter": "no" }, "geometry": { "type": "Point", "coordinates": [ 19.8810857, 60.2111022 ] } },
{ "type": "Feature", "id": "node/13059573826", "properties": { "@id": "node/13059573826", "bench": "no", "bin": "no", "highway": "bus_stop", "lit": "no", "name": "Emkarby", "shelter": "no" }, "geometry": { "type": "Point", "coordinates": [ 19.8783392, 60.2106705 ] } },
{ "type": "Feature", "id": "node/13059573827", "properties": { "@id": "node/13059573827", "bench": "no", "bin": "no", "highway": "bus_stop", "lit": "no", "name": "Emkarby", "shelter": "no" }, "geometry": { "type": "Point", "coordinates": [ 19.8761827, 60.2106332 ] } },
{ "type": "Feature", "id": "node/13059573828", "properties": { "@id": "node/13059573828", "bench": "no", "bin": "no", "highway": "bus_stop", "lit": "no", "name": "Kullavägen vägskäl", "shelter": "no" }, "geometry": { "type": "Point", "coordinates": [ 19.8667073, 60.2115317 ] } },
{ "type": "Feature", "id": "node/13059573829", "properties": { "@id": "node/13059573829", "bench": "no", "bin": "no", "highway": "bus_stop", "lit": "no", "name": "Kullavägen vägskäl", "shelter": "no" }, "geometry": { "type": "Point", "coordinates": [ 19.865773, 60.2118644 ] } },
{ "type": "Feature", "id": "node/13059573830", "properties": { "@id": "node/13059573830", "bench": "no", "bin": "no", "highway": "bus_stop", "lit": "no", "name": "Bjärström", "shelter": "no" }, "geometry": { "type": "Point", "coordinates": [ 19.8584104, 60.2126733 ] } },
{ "type": "Feature", "id": "node/13059573831", "properties": { "@id": "node/13059573831", "bench": "yes", "bin": "no", "highway": "bus_stop", "lit": "no", "name": "Bjärström", "shelter": "yes" }, "geometry": { "type": "Point", "coordinates": [ 19.857785, 60.2124773 ] } },
{ "type": "Feature", "id": "node/13059573832", "properties": { "@id": "node/13059573832", "bench": "no", "bin": "no", "highway": "bus_stop", "lit": "no", "name": "Söderskogsvägen vägskäl", "shelter": "no" }, "geometry": { "type": "Point", "coordinates": [ 19.8442912, 60.2066753 ] } },
{ "type": "Feature", "id": "node/13059573833", "properties": { "@id": "node/13059573833", "bench": "no", "bin": "no", "highway": "bus_stop", "lit": "no", "name": "Söderskogsvägen vägskäl", "shelter": "no" }, "geometry": { "type": "Point", "coordinates": [ 19.8436367, 60.2064194 ] } },
{ "type": "Feature", "id": "node/13059573834", "properties": { "@id": "node/13059573834", "bench": "no", "bin": "no", "highway": "bus_stop", "lit": "no", "name": "Byttbölevägen vägskäl", "shelter": "no" }, "geometry": { "type": "Point", "coordinates": [ 19.8209774, 60.1956972 ] } },
{ "type": "Feature", "id": "node/13059573835", "properties": { "@id": "node/13059573835", "bench": "no", "bin": "no", "highway": "bus_stop", "lit": "no", "name": "Byttbölevägen vägskäl", "shelter": "no" }, "geometry": { "type": "Point", "coordinates": [ 19.8202103, 60.1953905 ] } },
{ "type": "Feature", "id": "node/13059573836", "properties": { "@id": "node/13059573836", "bench": "no", "bin": "no", "highway": "bus_stop", "lit": "no", "name": "Boda vägskäl", "shelter": "no" }, "geometry": { "type": "Point", "coordinates": [ 19.8138481, 60.1947106 ] } },
{ "type": "Feature", "id": "node/13059573839", "properties": { "@id": "node/13059573839", "bench": "no", "bin": "no", "highway": "bus_stop", "lit": "no", "name": "Boda vägskäl", "shelter": "no" }, "geometry": { "type": "Point", "coordinates": [ 19.8123783, 60.1944413 ] } },
{ "type": "Feature", "id": "node/13059573840", "properties": { "@id": "node/13059573840", "bench": "no", "bin": "no", "highway": "bus_stop", "lit": "no", "name": "Djäkneböle", "shelter": "no" }, "geometry": { "type": "Point", "coordinates": [ 19.7916046, 60.1946559 ] } },
{ "type": "Feature", "id": "node/13075370852", "properties": { "@id": "node/13075370852", "bench": "no", "bin": "no", "highway": "bus_stop", "name": "Frebbenby", "shelter": "no" }, "geometry": { "type": "Point", "coordinates": [ 19.7125572, 60.2183917 ] } },
{ "type": "Feature", "id": "node/13075370853", "properties": { "@id": "node/13075370853", "highway": "bus_stop", "name": "Södersunda" }, "geometry": { "type": "Point", "coordinates": [ 19.867959, 60.1519109 ] } },
{ "type": "Feature", "id": "node/13075370864", "properties": { "@id": "node/13075370864", "bench": "yes", "bin": "no", "highway": "bus_stop", "name": "Ålandsplan", "shelter": "no" }, "geometry": { "type": "Point", "coordinates": [ 19.9371722, 60.1038453 ] } },
{ "type": "Feature", "id": "node/13075370865", "properties": { "@id": "node/13075370865", "bench": "yes", "bin": "yes", "highway": "bus_stop", "name": "Ålandsplan", "shelter": "yes" }, "geometry": { "type": "Point", "coordinates": [ 19.9373713, 60.1039911 ] } },
{ "type": "Feature", "id": "node/14004443093", "properties": { "@id": "node/14004443093", "bench": "no", "bin": "no", "highway": "bus_stop", "lit": "yes", "name": "Stadshuset", "network": "Ålandstrafiken", "ref:findr": "180900", "shelter": "no" }, "geometry": { "type": "Point", "coordinates": [ 19.9430413, 60.0954408 ] } },
{ "type": "Feature", "id": "node/14004443094", "properties": { "@id": "node/14004443094", "bench": "no", "bin": "no", "highway": "bus_stop", "lit": "yes", "name": "Torggatan", "network": "Ålandstrafiken", "ref:findr": "180790", "shelter": "no" }, "geometry": { "type": "Point", "coordinates": [ 19.94401, 60.0936028 ] } },
{ "type": "Feature", "id": "node/14004443095", "properties": { "@id": "node/14004443095", "bench": "no", "bin": "no", "highway": "bus_stop", "lit": "yes", "name": "Parkgatan", "network": "Ålandstrafiken", "ref:findr": "180670", "shelter": "no" }, "geometry": { "type": "Point", "coordinates": [ 19.9475327, 60.0930406 ] } },
{ "type": "Feature", "id": "node/14004443096", "properties": { "@id": "node/14004443096", "bench": "no", "highway": "bus_stop", "name": "Gröna Udden", "network": "Ålandstrafiken", "ref:findr": "180727", "shelter": "no" }, "geometry": { "type": "Point", "coordinates": [ 19.9502146, 60.0915784 ] } },
{ "type": "Feature", "id": "node/14004443097", "properties": { "@id": "node/14004443097", "bench": "no", "highway": "bus_stop", "name": "Juseliusvägen", "network": "Ålandstrafiken", "shelter": "no" }, "geometry": { "type": "Point", "coordinates": [ 19.9534241, 60.0892896 ] } },
{ "type": "Feature", "id": "node/14004443098", "properties": { "@id": "node/14004443098", "bench": "no", "highway": "bus_stop", "name": "Övernäsgården", "network": "Ålandstrafiken", "ref:findr": "180861", "shelter": "no" }, "geometry": { "type": "Point", "coordinates": [ 19.9553758, 60.0877048 ] } },
{ "type": "Feature", "id": "node/14004443099", "properties": { "@id": "node/14004443099", "bench": "yes", "highway": "bus_stop", "name": "Sälgstigen", "network": "Ålandstrafiken", "ref:findr": "180713", "shelter": "yes" }, "geometry": { "type": "Point", "coordinates": [ 19.9591937, 60.0845955 ] } },
{ "type": "Feature", "id": "node/14004443100", "properties": { "@id": "node/14004443100", "bench": "yes", "highway": "bus_stop", "name": "Källstigen", "network": "Ålandstrafiken", "ref:findr": "360917", "shelter": "yes" }, "geometry": { "type": "Point", "coordinates": [ 19.9596528, 60.0814416 ] } },
{ "type": "Feature", "id": "node/14004471801", "properties": { "@id": "node/14004471801", "bench": "yes", "highway": "bus_stop", "name": "Lindstigen", "network": "Ålandstrafiken", "shelter": "yes" }, "geometry": { "type": "Point", "coordinates": [ 19.9573998, 60.0797097 ] } },
{ "type": "Feature", "id": "node/14004471802", "properties": { "@id": "node/14004471802", "bench": "yes", "highway": "bus_stop", "name": "Havsörnsvägen", "network": "Ålandstrafiken", "ref:findr": "180631", "shelter": "yes" }, "geometry": { "type": "Point", "coordinates": [ 19.9522073, 60.0766532 ] } },
{ "type": "Feature", "id": "node/14004471803", "properties": { "@id": "node/14004471803", "bench": "no", "bin": "no", "highway": "bus_stop", "lit": "yes", "name": "Järsö", "network": "Ålandstrafiken", "shelter": "no" }, "geometry": { "type": "Point", "coordinates": [ 19.9979851, 60.0211182 ] } },
{ "type": "Feature", "id": "node/14004471804", "properties": { "@id": "node/14004471804", "bench": "no", "bin": "no", "highway": "bus_stop", "lit": "yes", "name": "Bergö/Idskärsvägen vsk.", "network": "Ålandstrafiken", "shelter": "no" }, "geometry": { "type": "Point", "coordinates": [ 19.9791773, 60.0299593 ] } },
{ "type": "Feature", "id": "node/14004471805", "properties": { "@id": "node/14004471805", "bench": "yes", "highway": "bus_stop", "name": "Granholm", "network": "Ålandstrafiken", "ref:findr": "308075", "shelter": "yes" }, "geometry": { "type": "Point", "coordinates": [ 19.9679151, 60.0551993 ] } },
{ "type": "Feature", "id": "node/14004471806", "properties": { "@id": "node/14004471806", "bench": "no", "bin": "no", "highway": "bus_stop", "name": "Granholm", "network": "Ålandstrafiken", "ref:findr": "308070", "shelter": "no" }, "geometry": { "type": "Point", "coordinates": [ 19.9655562, 60.0556539 ] } },
{ "type": "Feature", "id": "node/14004471808", "properties": { "@id": "node/14004471808", "bench": "yes", "bin": "no", "highway": "bus_stop", "name": "Baltichallen", "network": "Ålandstrafiken", "ref:findr": "360729", "shelter": "yes" }, "geometry": { "type": "Point", "coordinates": [ 19.9418993, 60.0866595 ] } },
{ "type": "Feature", "id": "node/14004471809", "properties": { "@id": "node/14004471809", "bench": "yes", "bin": "no", "highway": "bus_stop", "lit": "yes", "name": "Lotsgatan", "network": "Ålandstrafiken", "ref:findr": "360730", "shelter": "no" }, "geometry": { "type": "Point", "coordinates": [ 19.93522, 60.0847147 ] } },
{ "type": "Feature", "id": "node/14004471810", "properties": { "@id": "node/14004471810", "bench": "yes", "highway": "bus_stop", "name": "Ytternäs skola", "network": "Ålandstrafiken", "ref:findr": "360731", "shelter": "yes" }, "geometry": { "type": "Point", "coordinates": [ 19.9401586, 60.0827881 ] } },
{ "type": "Feature", "id": "node/14005939289", "properties": { "@id": "node/14005939289", "bench": "no", "highway": "bus_stop", "name": "Möckelgräs", "shelter": "no" }, "geometry": { "type": "Point", "coordinates": [ 19.8813481, 60.3395446 ] } },
{ "type": "Feature", "id": "node/14005939290", "properties": { "@id": "node/14005939290", "bench": "no", "highway": "bus_stop", "name": "Labbnäs", "shelter": "no" }, "geometry": { "type": "Point", "coordinates": [ 19.8583467, 60.3295842 ] } },
{ "type": "Feature", "id": "node/14005939291", "properties": { "@id": "node/14005939291", "bench": "no", "highway": "bus_stop", "name": "Pantsarnäs", "shelter": "no" }, "geometry": { "type": "Point", "coordinates": [ 19.8513023, 60.3342159 ] } },
{ "type": "Feature", "id": "node/14005939292", "properties": { "@id": "node/14005939292", "bench": "no", "highway": "bus_stop", "name": "Gräggnäs", "shelter": "no" }, "geometry": { "type": "Point", "coordinates": [ 19.8445001, 60.3528493 ] } },
{ "type": "Feature", "id": "node/14005939293", "properties": { "@id": "node/14005939293", "bench": "no", "highway": "bus_stop", "name": "Skinnarböle", "shelter": "no" }, "geometry": { "type": "Point", "coordinates": [ 19.8434663, 60.3613414 ] } },
{ "type": "Feature", "id": "node/14005939294", "properties": { "@id": "node/14005939294", "bench": "no", "highway": "bus_stop", "name": "Finnö", "shelter": "no" }, "geometry": { "type": "Point", "coordinates": [ 19.8015196, 60.3693405 ] } },
{ "type": "Feature", "id": "node/14005939295", "properties": { "@id": "node/14005939295", "bench": "no", "highway": "bus_stop", "name": "Höckböle", "shelter": "no" }, "geometry": { "type": "Point", "coordinates": [ 19.9168796, 60.3673378 ] } },
{ "type": "Feature", "id": "node/14080167665", "properties": { "@id": "node/14080167665", "highway": "bus_stop", "name": "Klemetsby", "network": "Ålandstrafiken", "shelter": "yes" }, "geometry": { "type": "Point", "coordinates": [ 20.2585258, 60.1166307 ] } },
{ "type": "Feature", "id": "node/14080167667", "properties": { "@id": "node/14080167667", "bench": "no", "bin": "no", "highway": "bus_stop", "name": "Lumpo", "network": "Ålandstrafiken", "shelter": "no" }, "geometry": { "type": "Point", "coordinates": [ 20.239276, 60.1388131 ] } },
{ "type": "Feature", "id": "node/14080167668", "properties": { "@id": "node/14080167668", "bench": "no", "bin": "no", "highway": "bus_stop", "name": "Lumparby", "network": "Ålandstrafiken", "shelter": "no" }, "geometry": { "type": "Point", "coordinates": [ 20.24932, 60.1202081 ] } },
{ "type": "Feature", "id": "node/14080167670", "properties": { "@id": "node/14080167670", "bench": "no", "bin": "no", "highway": "bus_stop", "name": "Klemetsby", "network": "Ålandstrafiken", "shelter": "no" }, "geometry": { "type": "Point", "coordinates": [ 20.2597146, 60.1163886 ] } },
{ "type": "Feature", "id": "node/14080167671", "properties": { "@id": "node/14080167671", "bench": "no", "bin": "no", "highway": "bus_stop", "name": "Ängösundsvägen vägskäl", "network": "Ålandstrafiken", "route_ref": "5", "shelter": "no" }, "geometry": { "type": "Point", "coordinates": [ 20.2614495, 60.1157299 ] } },
{ "type": "Feature", "id": "node/14080167674", "properties": { "@id": "node/14080167674", "bin": "no", "highway": "bus_stop", "name": "Ängösundsvägen vägskäl", "network": "Ålandstrafiken", "route_ref": "5", "shelter": "yes" }, "geometry": { "type": "Point", "coordinates": [ 20.2623297, 60.1146762 ] } },
{ "type": "Feature", "id": "node/14080167676", "properties": { "@id": "node/14080167676", "bench": "no", "bin": "no", "highway": "bus_stop", "name": "Norrboda", "network": "Ålandstrafiken", "shelter": "no" }, "geometry": { "type": "Point", "coordinates": [ 20.2728412, 60.1364981 ] } },
{ "type": "Feature", "id": "node/14080167678", "properties": { "@id": "node/14080167678", "bench": "no", "bin": "no", "highway": "bus_stop", "name": "Krogstadsvägen vägskäl", "network": "Ålandstrafiken", "route_ref": "5", "shelter": "no" }, "geometry": { "type": "Point", "coordinates": [ 20.2648827, 60.1117752 ] } },
{ "type": "Feature", "id": "node/14080167679", "properties": { "@id": "node/14080167679", "bench": "no", "bin": "no", "highway": "bus_stop", "name": "Krogstadsvägen vägskäl", "network": "Ålandstrafiken", "shelter": "no" }, "geometry": { "type": "Point", "coordinates": [ 20.2658944, 60.1116114 ] } },
{ "type": "Feature", "id": "node/14082250958", "properties": { "@id": "node/14082250958", "bench": "no", "bin": "no", "highway": "bus_stop", "name": "Ytterby", "network": "Ålandstrafiken", "shelter": "no" }, "geometry": { "type": "Point", "coordinates": [ 20.0085273, 60.1590917 ] } },
{ "type": "Feature", "id": "node/14082250963", "properties": { "@id": "node/14082250963", "bench": "no", "bin": "no", "highway": "bus_stop", "name": "Överby", "network": "Ålandstrafiken", "shelter": "no" }, "geometry": { "type": "Point", "coordinates": [ 19.9847637, 60.1508098 ] } },
{ "type": "Feature", "id": "node/14082250965", "properties": { "@id": "node/14082250965", "bench": "no", "bin": "no", "highway": "bus_stop", "name": "Grönbacka", "network": "Ålandstrafiken", "shelter": "no" }, "geometry": { "type": "Point", "coordinates": [ 19.9772976, 60.1366649 ] } },
{ "type": "Feature", "id": "node/14082250966", "properties": { "@id": "node/14082250966", "bench": "no", "bin": "no", "highway": "bus_stop", "name": "Österkalmare", "network": "Ålandstrafiken", "shelter": "no" }, "geometry": { "type": "Point", "coordinates": [ 19.9918551, 60.124656 ] } },
{ "type": "Feature", "id": "node/14082250971", "properties": { "@id": "node/14082250971", "bench": "no", "bin": "no", "highway": "bus_stop", "name": "Vesterkalmare", "network": "Ålandstrafiken", "shelter": "no" }, "geometry": { "type": "Point", "coordinates": [ 19.9727591, 60.1248124 ] } },
{ "type": "Feature", "id": "node/14082250972", "properties": { "@id": "node/14082250972", "bench": "no", "bin": "no", "highway": "bus_stop", "name": "Önningeby", "network": "Ålandstrafiken", "shelter": "no" }, "geometry": { "type": "Point", "coordinates": [ 20.0078605, 60.1176983 ] } },
{ "type": "Feature", "id": "node/14084158537", "properties": { "@id": "node/14084158537", "bench": "no", "bin": "no", "highway": "bus_stop", "name": "Eckerö Hotel", "network": "Ålandstrafiken", "route_ref": "1", "shelter": "no" }, "geometry": { "type": "Point", "coordinates": [ 19.5528379, 60.2263049 ] } },
{ "type": "Feature", "id": "node/14084158538", "properties": { "@id": "node/14084158538", "bench": "no", "bin": "no", "highway": "bus_stop", "name": "Käringsund Resort", "network": "Ålandstrafiken", "route_ref": "1", "shelter": "no" }, "geometry": { "type": "Point", "coordinates": [ 19.5418632, 60.2378715 ] } },
{ "type": "Feature", "id": "node/14084158540", "properties": { "@id": "node/14084158540", "bench": "no", "bin": "no", "highway": "bus_stop", "name": "Jakt- och Fiskemuseum vägskäl", "network": "Ålandstrafiken", "route_ref": "1", "shelter": "no" }, "geometry": { "type": "Point", "coordinates": [ 19.5459057, 60.231056 ] } },
{ "type": "Feature", "id": "node/14084158541", "properties": { "@id": "node/14084158541", "bench": "no", "bin": "no", "highway": "bus_stop", "name": "Jakt- och Fiskemuseum vägskäl", "network": "Ålandstrafiken", "route_ref": "1", "shelter": "no" }, "geometry": { "type": "Point", "coordinates": [ 19.5461251, 60.231033 ] } },
{ "type": "Feature", "id": "node/14084158547", "properties": { "@id": "node/14084158547", "bench": "no", "bin": "no", "highway": "bus_stop", "name": "Eckerö Hotel", "network": "Ålandstrafiken", "route_ref": "1", "shelter": "no" }, "geometry": { "type": "Point", "coordinates": [ 19.5528873, 60.2264561 ] } }
]
}
